node_id,antiguedad_meses,ingreso_promedio,target,embed_dim_0,embed_dim_1,embed_dim_2,embed_dim_3,embed_dim_4,embed_dim_5,embed_dim_6,embed_dim_7,pagerank,clustering,degree
node_0,39,1318.4770380298592,0,-0.014718694809124218,-0.00014917086076254816,0.0077417110306905726,0.002809532710598743,-0.009661202933125205,-0.008584612232833912,0.0012169219914660982,-0.011604489160573273,0.0011037074178628374,0.0,8
node_1,52,2803.363222389782,0,0.006692238717998159,-0.010091254008792551,-0.009247112151172973,0.010089438305594788,-0.017228849199235265,-0.003811062651753548,0.010228818102918018,-0.020791979843955713,0.0005125157957947549,0.0,3
node_2,29,2029.8182162322264,0,0.004288700811629101,0.008488284745966974,0.0010193508406013273,-0.003044628250359226,0.0032696675690775125,-0.005903240088740861,0.0036577055177957414,-0.004373946446667791,0.001099820201956041,0.0,8
node_3,15,2952.477216289186,0,-0.0066278428568932015,-0.0011521270677454295,-0.009478751696321435,-0.008175597353957611,0.0218531266062758,0.0008427796407967476,0.017422643116744015,-0.007924743824206234,0.0008956682960886918,0.06666666666666667,6
node_4,43,4001.9042304269847,0,0.011061174007624528,0.016737212952390248,0.0008079532698425745,-0.008239945364644119,0.010835068663833047,0.020729852237899218,0.0020020675578146393,-0.02385833155640958,0.0010075614786876428,0.0,7
node_5,8,1940.6136054369297,0,-0.0076860827786533045,0.004070003106122564,0.0023373933825522495,0.008968563749819643,-0.008248027409164806,0.009289893768306273,0.016694769338501867,0.014724518979404942,0.0011114264767129523,0.0,8
node_6,21,6403.146656515884,0,0.004351342026614522,0.010481004330301524,-0.0030270417132642266,0.005626994137151444,-0.0013988861690922933,-0.00711905607140987,-0.012848200676063563,0.0012029518938057942,0.0012182233301678087,0.0,9
node_7,39,1905.076355422052,0,0.0009475076054731344,-0.00036182495488480687,0.0053566513080705045,-0.004633369816943118,-0.013747213352819233,0.007029691155386622,0.006441958190041509,-0.0030502440815018874,0.0012314036667250804,0.0,9
node_8,58,2018.5596412939317,0,-0.0036901085818695552,-0.0013570411928829566,0.000613730262721444,0.019822572867587908,0.0016905368219146824,0.004817708511620547,-0.0022141869618375366,-0.003408618019421498,0.0008538062826831064,0.0,6
node_9,19,1713.9000797210092,0,-0.0017239295311238308,-0.002828276958109396,-0.00048156664842289936,0.001409150273877071,-0.009993059340675896,0.005329153168495426,-0.003506966930558479,-0.009051650654170598,0.001144385525205321,0.0,8
node_10,23,643.118727790709,0,-0.005105627613522146,-0.017179336336385936,0.010400672224803507,-0.0018982591758457336,-0.012282130835814108,-0.00579462124039119,-0.030568707879228954,0.014445938521466983,0.0008990130913162197,0.0,6
node_11,11,2444.115871573855,0,-0.005146634369692471,-0.007116619109441964,0.002703501897693368,0.0007737128023756116,0.006646964071869803,-0.006480904743577778,-0.0023048528588646383,0.0041653401686091,0.001513434835511029,0.0,11
node_12,11,1689.273296142589,0,0.007472508841845074,0.010024175143133331,0.0009510085102858401,0.020786873439727724,0.0005974457381582155,0.004385703242765548,-0.01848283982371669,-0.0013361195383672065,0.0016348711936111566,0.0,12
node_13,24,1399.240596971737,0,0.008493602582830304,0.018130150412091626,0.010196458402252325,0.0018905773343320872,-0.0064041540363315155,0.019030186245948898,-0.0011127351579319426,-0.006536627073285115,0.00100948204679742,0.0,7
node_14,53,4119.793690230797,0,-0.005191840432871628,-0.009629480543138245,-0.007119703732357306,0.0004978025093162831,0.007023455847740939,0.022906242612863528,0.008027353276389461,0.009512266152117992,0.0008771941365923012,0.0,6
node_15,36,1030.6461729322923,0,-0.00561377874620903,0.004764837791803854,-0.005746051977445383,-0.012159628483804691,0.01145689784669418,-0.018248699524771077,-0.00040053393521224636,-0.009419643409268428,0.001121255395237557,0.0,8
node_16,40,1612.2533285627226,0,0.005842739919445397,0.013610662174609631,0.0013982244237214132,0.008931789725077533,0.026743220991661057,-0.030390504424959452,-0.013037013667114634,0.008192132790145005,0.0011412689060734413,0.0,8
node_17,24,2294.214662295778,0,-0.009934796820596314,-0.0019467438757141645,-0.009651367050664961,0.0035484691755510445,-0.004214616309324952,0.003278635346764888,-0.0073296055968566165,-0.003384201146432899,0.0007582091232492265,0.0,5
node_18,3,2887.925883859124,0,0.013008230775347466,0.01573432234987929,-0.013177267737063424,-0.008278913118627206,-0.0025073686880625464,-0.005393310271483941,0.00753323635992444,0.0034302581238822576,0.0013406874648449545,0.022222222222222223,10
node_19,22,1422.4658832560303,0,-0.009433478016572757,0.015393667250384746,-0.00690991988309245,-0.021083905675612327,-0.0020975227269277234,0.0008420511780676728,-0.0039048095103815035,0.04363488649569265,0.0007619267975574136,0.0,5
node_20,53,3268.60848419401,0,0.009003309606261774,0.014252299602683401,-0.0015680528064086153,0.009323570723421019,-0.022278136068846682,-0.006640350659592779,0.0023810494774665243,0.002712372573688765,0.0009856492798160324,0.0,7
node_21,2,2697.472300469777,0,-0.00143363543457474,-1.5145916123260548e-05,0.010308573226424046,0.004460829351659239,-0.0016348788034734373,0.01569972204982392,-0.0185884465409569,0.0009779122044890798,0.0009988183507895947,0.0,7
node_22,24,602.7972884326252,0,-0.0039034691955469737,0.0006762677253267752,-0.014463814449706592,-0.007058094569703375,0.009468936075462718,0.01675428895036787,0.008175793162088016,-0.01099474087199579,0.0007790439517438707,0.0,5
node_23,44,570.4192925762267,0,-0.005222325074386902,-0.0010625355176776493,-0.004578912731610222,-0.020070364651185873,-0.0029156803561955556,0.015472839746649073,-0.001709992337435449,0.019713826088923636,0.0008949797651684353,0.0,6
node_24,30,1954.559748917325,0,0.001297591063080844,0.004042151414087348,-0.014897557926256416,-0.0061351317597841525,0.007892741586649899,0.0012875159538017177,0.014174515302518014,0.0022092953695463657,0.0014738056249840327,0.0,11
node_25,38,1140.2171613344929,0,0.0060383921769542855,-0.00583629881869515,0.004051443323732149,0.003406091140144482,0.0015471763096073727,-0.02296760322396016,0.007755183751714859,0.009886219392797909,0.0010974266737566473,0.0,8
node_26,2,851.9340108662158,0,0.007220765773731677,-0.011887848596245946,-0.007299506113373274,-0.009052303668974014,-0.003618167501109846,-0.008354583033790408,0.006413214822186605,-0.0007410712889702765,0.0011934459164594116,0.05555555555555555,9
node_27,21,1800.0011382666214,0,0.02919702765464648,0.0004040249138355538,0.004405109484538856,-0.007297890912507549,-0.016539580338390477,-0.019983693882559033,0.013924044362022082,-0.0007527940147521883,0.001009300380026745,0.0,7
node_28,33,1126.8301309819722,0,0.019199434934789202,-0.006308989317108787,0.015863855272394884,-0.005071240399416286,0.015691120315796735,-0.01432630652802291,0.004412582305531334,-5.808518143332178e-05,0.0015387817561385896,0.01818181818181818,11
node_29,12,1655.8959820823322,0,0.004294725929096415,0.012312312126681966,0.004529602548904073,0.024273796612389934,-0.010085299263832595,0.028846470596153428,-0.025588867586968194,0.008300175410758243,0.0008868090412869696,0.0,6
node_30,58,1424.610242837398,0,0.0011826411482968578,-0.015160899213183797,-0.006647993616993569,0.004594077995180222,0.01612290720179911,0.018991697539640296,0.009781226632996418,0.001993312027329014,0.0008694404764788477,0.0,6
node_31,22,1818.3699760877253,0,0.013995954453455889,0.020141228185543654,0.03248363562305942,0.012206965040302883,-0.02220314341121216,0.006940796231564616,-0.011920958658666981,-0.024955165653707048,0.000650187491302686,0.0,4
node_32,44,1266.9898460991549,0,0.01566611076460327,-0.004377636223053133,-0.0014250062526931211,0.0004461531215245484,0.0006104820977227706,0.02396467027306929,-0.01575170214516321,0.005669606254621671,0.0002760812282809977,0.0,1
node_33,25,2294.342176459573,0,0.004758229122798987,0.003411455209260677,0.004409309798873396,-0.022540901295273526,0.00041855403840393104,0.01340922717728807,0.016453259233306594,-0.012500104736001768,0.0005269406079539787,0.0,3
node_34,49,797.7994723094332,0,0.004169845380842477,0.01301828013172828,-0.008683762315784002,0.006217889992691024,-0.011781838171828452,0.01104405662777465,0.009819163295413436,0.003575059318187506,0.0008772771013503249,0.0,6
node_35,27,2288.567749333204,0,-0.007260164101328412,-0.006655602888716988,-0.0038000241896307217,0.030212700581297543,-0.006168906683335003,-0.01132342114906692,0.008703262995561841,0.007683644676855337,0.000632882248697038,0.0,4
node_36,59,1295.678496417229,0,0.009163924192375418,-0.014788246157612935,-0.01380473679224187,0.0025425710919800373,-0.001951117634567693,-0.0016903521130713433,-0.006849560898583226,-0.0016650345042864916,0.0006186188777837255,0.0,4
node_37,42,3610.995841586684,0,0.00841028427869221,-0.0026876116024467374,-0.008773913085540874,-0.011630298330647392,0.00873182132534401,0.006280196324971528,0.017256488954806765,-0.021235632454081693,0.0006227180608694812,0.0,4
node_38,28,1586.1398263807348,0,0.019254797079692652,-0.010867731315880676,5.4073794048388344e-05,-0.001541023628469744,0.011119002866944226,-0.016769993301118905,0.00816854284119258,-0.0074512561837691196,0.001182552823766945,0.0,8
node_39,16,5924.020696449552,0,-0.011065371789015328,0.028215026846993566,-0.011471991278324338,0.020618819072104257,0.0234330722609631,-0.01971749427231731,0.004244444438809603,-0.008938278832449992,0.0006433029430405542,0.0,4
node_40,15,1881.7114461638105,0,-0.014588577892881155,0.023118924644656837,0.004451655154784965,0.002625495164335962,0.015250369456636596,-0.001808075261771714,0.008141022379793444,0.022335600043822255,0.0007594228850113531,0.0,5
node_41,47,880.1124125211128,0,-0.0118535026820758,0.0005091159920301073,0.0014325808462065182,0.009268475617908292,0.005903974360955391,0.007269626173783476,-0.007075325292311683,-0.0016676896528442433,0.0012480179855110973,0.0,9
node_42,51,3087.194333547978,0,0.007272901870612451,0.0003470892150603531,0.0005510122275229212,-0.009003357755156646,0.0037114275844851974,-0.012258761816740607,0.012050047456592536,-0.0028635345624626715,0.0007390491414744429,0.1,5
node_43,44,1134.8693009773078,0,-0.020197252576793258,0.0036003212178275,0.02064990621692796,0.0005824107486133434,-0.009025074028536747,0.0013775420210899478,0.04012872241016149,0.015149443975965573,0.0010128555931033215,0.0,7
node_44,55,1140.690290998629,0,0.005981292029162447,-0.01791673015711326,-0.001498390575655156,-0.0005528921972500563,-0.008811543294779175,0.006648408024181224,0.0007089963342496742,-0.0009125483646771252,0.0007504010641022451,0.0,5
node_45,52,548.4821551013307,0,0.010483320820302835,-0.017510094987039877,0.0011671411475941878,0.012637270955573005,0.011977011778868132,0.01769252012002321,1.8273388016833083e-05,-0.010854783668711235,0.0007651478787723213,0.0,5
node_46,57,1693.4853427808655,0,-0.0015153014580772974,-0.005376142357486745,-0.01789974620703804,0.0003832869667293422,0.0006220333033264462,0.017875945809926058,0.008971552989421714,0.0039812651060330976,0.0012150253902101084,0.0,9
node_47,3,1646.7182965464078,0,-0.0038431583580420636,0.011379543024515677,-0.00912765944813585,0.0031181232807068887,-0.003838637555195429,-0.00016061416838027305,-0.0012073621381311962,0.010556552163400254,0.0008827720788281011,0.0,6
node_48,37,1160.0649946775948,0,0.0036549773742543526,0.0333185543872225,-0.02438267365095832,0.012143672700112287,-0.005581487545870972,-0.0138489577065571,-0.015172849917096116,-0.010275668722998786,0.0009113605044660353,0.0,6
node_49,51,3869.55190735816,0,-0.008728799623542696,-0.019687201937775806,-0.007266704404029777,-0.012013723397654956,0.009284962956676485,-0.0012025358910835128,-0.005798041076812286,-0.011711470997925051,0.0006165056603526153,0.0,4
node_50,7,706.7367177733568,0,-0.0013378508599093603,0.009465958059237002,0.005217892644030545,0.004119728193390846,0.005923049206019004,-0.001828722701026719,0.007803890545443382,0.002777259704279833,0.001344100915350621,0.0,10
node_51,21,1100.9391574354872,0,0.006054253779517797,0.012752203415409835,0.006338459287236639,-0.01390695698887661,0.015415229193848,0.019373454837038295,-0.006701174077874365,-0.010962588278874377,0.0010162960504354042,0.0,7
node_52,9,1081.9891834849177,0,-0.008625690734894212,-0.01361988023897327,0.0013609429702179032,0.013966635029337824,-0.004446385516738815,-0.00029575010424608676,-0.0029197906405357948,0.0012810176743930524,0.001144759714902453,0.03571428571428571,8
node_53,39,645.2464707309504,0,0.0076309891672292395,0.0010494211841255475,-0.013239945126246298,0.009835678678988399,-0.0011145973682809755,0.011369498646523738,-0.0018966319666522467,-0.009303215845450675,0.0008496344069228569,0.0,6
node_54,18,1484.1973666308425,0,-0.00503985576793458,0.015549188678463362,0.002262073666838172,0.028151520044358308,0.014284365941867203,0.030294131906190205,-0.004521976604651233,-0.0016415417570490442,0.000767180290596507,0.0,5
node_55,4,2246.0934797183,0,0.008087996508268957,0.01583354380922672,0.003636973354326607,-0.0012191060344725582,-0.007184470750343294,-0.00487011996681016,-0.023328303920464925,-0.014650094093309328,0.0010100459540856813,0.0,7
node_56,25,1575.105918371663,0,-0.00018440822965250258,-0.014011144557094285,-0.015470029634867072,0.0005521515182210189,0.013445098499138764,0.007668671333948869,0.004306545275393799,-0.002295688233300949,0.0008484422057179286,0.0,6
node_57,14,756.1427715266474,0,-0.018895600460637194,-0.0021388452528631123,0.0012054621115666446,0.0026951503062747667,3.10103154356567e-05,-0.004331480895312531,0.0032276214936983595,0.00411468843195326,0.0014753973437911464,0.0,11
node_58,50,1210.5018182047334,0,0.011340025984002697,0.0040819707291879,-0.016094538765133354,-0.01825962602661475,-0.006147946085915218,0.0048363632806715726,7.856435110225696e-05,0.004627045826975673,0.0012808235061171945,0.027777777777777776,9
node_59,58,503.89759594381854,0,0.025104315808077954,-0.0008422677802147049,0.03421828469423455,0.010809231288129374,0.0012081147767887609,-0.008091099199008835,-5.2933776613503084e-06,0.003981695611019193,0.0007769179050917975,0.0,5
node_60,9,3540.8556140081178,0,-0.0010383178268245554,0.007292100285558771,-0.007717409466603901,0.010229459515587198,0.002800027579635074,0.010974427318207004,-0.00831724405505814,-0.006759844063417775,0.0009606098152135276,0.047619047619047616,7
node_61,26,632.4552387765029,1,-0.019798593891242906,0.0143527061512185,0.034951675450421625,0.01037542460888988,-0.01018737323013485,-0.009625914873078567,0.05167387879370187,-0.019526233502311422,0.0008082793857042713,0.0,5
node_62,53,1864.2634784397644,0,0.005289875477418893,0.021069204548391108,-0.0066956400795262485,-0.0159636310688177,0.021097387595063688,-0.029204748159882783,-0.00886900554282611,0.007279931674331621,0.0006562820061357612,0.0,4
node_63,2,6930.838061991646,0,0.021835258549707012,-0.014126825544068735,0.012604120731239055,0.0043508791563018605,0.013091001327246603,-0.01207437587493,0.014505963871136602,3.264402775777743e-05,0.0005121499231657814,0.0,3
node_64,20,1653.716722363166,0,-0.00762299196140656,-0.0015609252021729573,-0.007475374757185261,-0.0018479106566496315,-0.0026910078335858245,0.01260220259817015,0.006177579511913928,0.006942751723905263,0.0010850175284644534,0.0,8
node_65,28,4366.357327467869,0,0.00647117759367113,0.011756843995546086,-0.014306171358363635,0.0028654110874898517,-0.0017557877072481587,0.007930705885777793,0.0010003736719221776,-0.007133294711094677,0.0012176737575040949,0.0,9
node_66,47,904.0100475618832,1,-0.00361677614573788,-0.0033693205989530394,-0.01009323606350196,0.01720345400975012,-0.004556743498380177,-0.006286182596345096,0.006991198423559099,-0.002469229460896778,0.000984345262209163,0.0,7
node_67,7,2640.395865207064,0,0.002756973025875076,-0.0112254886199747,-0.014000403058722001,-0.004192585800945427,0.004723828165859977,0.002673313043126654,0.0030687432710900975,0.0018188714286195397,0.0012343640402336536,0.027777777777777776,9
node_68,44,1636.57896610875,0,0.0006807104898980775,-0.009331864032872757,-0.012174384795854826,0.0021108950979693156,-0.010744409392759443,-0.004211516895645052,-0.001997063734920755,0.0015261253629506673,0.0019876978760293303,0.009523809523809525,15
node_69,8,2412.215679149156,0,0.0018699289941021351,0.004927970781760067,-0.00954730437006492,0.006961850234979594,-0.013773136389031762,-0.0006603954685144086,-0.01451135694194518,-0.01704022915409399,0.001019235912127161,0.0,7
node_70,47,596.5539831967819,0,0.000167827985813119,0.017391298837202838,-0.01237510517229142,0.008003263242640068,0.0025665502473435626,0.02138765418545355,0.010310612883985862,0.019459221328216588,0.0009945388767850865,0.0,7
node_71,35,739.7938533120421,0,-0.00484388547537303,0.014840902799543055,-0.010710428358499353,0.00625794420451019,0.0069873356557007315,-0.011010737576554347,0.008988436823243693,-0.005096019675993203,0.0010027182418192672,0.0,7
node_72,14,714.2767655394463,0,-0.009641047687720212,0.001153078566504486,0.011603591958382778,0.003120102300831055,-0.0016064687188582785,0.005666451014060857,-8.869996108196843e-05,0.007168676214549229,0.001729193244279542,0.0,13
node_73,17,2243.121499321181,0,0.0027145052289212403,0.010132117801810012,0.015926139263204544,0.007187413422482524,-0.0013686854345139002,0.012204771526092487,-0.0060258089231383484,-0.0165575117677442,0.0012365442818322418,0.0,9
node_74,36,3291.092140480588,0,0.0064341824789330765,-0.020254464155148682,0.005591431287313782,0.03624116636754565,0.0020536090802762788,-0.002048359370901778,-0.011320928638733978,0.0025415499505798706,0.0012178435412578978,0.0,8
node_75,50,2577.140699259238,1,-0.0037840009547134164,0.017379067617607633,-0.01356470134763862,-0.001388974505095305,-0.013595641842851404,0.010990963314705436,0.007452259556849694,0.0113188607091532,0.0012557069650883275,0.0,9
node_76,40,546.4191220760456,0,0.01647202689766247,0.00291851248338821,-0.006591824205943284,-0.0043670954727589644,-0.016864080173331016,0.0006844398624592335,0.0009066813584324684,0.009229456613377767,0.0012114162219055492,0.027777777777777776,9
node_77,4,3528.535786401299,0,0.010982963613985604,-0.02266675990014449,0.007260971958332294,0.028761316304908854,0.009323791320411156,0.00042334658752529237,0.001894672971992984,0.009120968468507224,0.0007558715900206267,0.0,5
node_78,2,1155.7742683241863,0,-0.01505731237938254,-0.010897519028247754,-0.000369242343484867,-0.01210672714361154,-0.01668538775841445,-0.010147803383659865,-0.005258557358323867,-0.002165367765536694,0.001003110561774072,0.0,7
node_79,6,1259.1647222988645,1,-0.0011063356261783344,-0.018169790425325242,-0.009821751646232627,0.004276385086797388,0.019710398516504343,0.023200140732593934,0.0028955192186107597,-0.0054140110941406396,0.000990691119289131,0.047619047619047616,7
node_80,54,666.178083118476,0,-0.009482905069106618,-0.00667176867000894,0.004184733480609497,0.005087617051975771,-0.0040896428361347536,-0.011000360622137993,-0.013835139165217385,0.005876724837080277,0.0009606435721185734,0.0,7
node_81,42,2505.714713743804,0,-0.0022739511355981297,-0.013141789280715981,-0.013702961135082114,-0.019184669970878046,0.00592740831793716,0.008114229994993099,-0.006548593048567559,0.011517733020593,0.0013717037686163229,0.022222222222222223,10
node_82,4,801.8600634698948,0,-0.003547086313268404,-0.026364556786349327,0.013115846644543391,-0.010498261238807044,0.010737928316089789,-0.008563088334965241,-0.044614093157933334,0.002235417642038882,0.0007934653050393999,0.0,5
node_83,54,1745.0494619916306,0,0.0062576155215121896,-0.0024761794682979905,-0.006356442348427908,-0.0007761535041676382,-0.009388527102061403,-0.0014301297166637425,-0.003662409501237742,0.004187947010501891,0.001203106453067891,0.0,9
node_84,29,3255.5431250288766,0,-0.0017297667377979974,-0.0041889315685404134,-0.011446552018585776,0.00678431060912137,0.009545388794960686,0.006086510007434352,0.0025590564327368,0.011176744346822065,0.0007383036230368789,0.0,5
node_85,18,640.1550461781941,0,-0.018153703804980964,-0.025846821979643785,0.004022134409658194,0.006908383356636781,0.023020625132452205,-0.01840114022838003,-0.00810470769905552,0.04065201690747455,0.0010132014822620292,0.0,7
node_86,26,1649.6596654228947,0,-0.0005268152813694095,-0.029235459925857302,-0.01013310391088744,-0.02220468366707464,0.008023552221544928,0.006222464040944435,-0.03771373512314616,0.0016813495164180044,0.0006663625416062152,0.0,4
node_87,44,898.326006030191,0,-0.012665453553307383,-0.009695340890429314,-0.000977502453457265,-0.0008185320579274953,0.00048572710038243265,0.004746473383499534,-0.0011362978437396791,0.006479512505792766,0.001310313667637217,0.0,10
node_88,34,1129.9399235056687,0,-0.009993345027040235,0.0010958712340878702,-0.00594362902032588,-0.005417757579623494,-0.011509736419747764,0.004678838060435498,0.008234432755563086,0.0089826868761805,0.0010984859720349508,0.0,8
node_89,10,1463.5953834618322,0,-0.011338459136712586,-0.016784817311852076,0.005550356503325853,-0.0054356708492057605,0.00048030308706333317,-0.0076896341660154495,0.0008367315130129727,0.0138311498440701,0.001245520687753584,0.0,9
node_90,36,1158.0000286602035,0,0.012271496886629082,0.02836010522681183,2.0390945609134882e-05,-0.007296632087140378,0.03062100969914934,-0.004576887105395491,-0.006921931296104398,0.01638137940211284,0.0007848697480629416,0.0,5
node_91,14,2069.6966815022533,0,0.0072344492639371625,-0.003267196825526183,-0.01877945136094501,-0.0036515054877210686,-0.0023460014404514833,0.0015584452187240368,0.005447851441021992,-0.01789238542372152,0.0007362221155433803,0.0,5
node_92,31,1479.6847095322998,0,-0.021301910594989867,-0.007951465718201897,0.003842756517526011,-0.002268877614879892,0.011439913612427246,0.007705424358348018,-0.02154788561353799,0.005921734405327563,0.0015209194871768493,0.0,11
node_93,48,1816.3244964429955,0,0.0270379836821902,-0.004103930798176654,0.010341908738873078,0.03220461148205702,0.026086254127076856,0.010589358282123882,-0.00027769140911913163,0.008097470141140024,0.0007675332983112613,0.0,5
node_94,15,2502.3897140224485,0,-0.002718109221546044,-0.0029149033084720486,0.013325021297470395,0.019405798147320758,-0.0013170942362914354,-0.009832241842653407,-0.007907928658951131,0.014831993548574254,0.0013428629773304288,0.022222222222222223,10
node_95,8,1723.7936872052676,0,0.00022120597381486418,0.009269848454502487,-0.003390161855212995,0.00557726741816632,0.009462371765633502,-0.0017350499273805309,0.0005289935076804709,0.004865637535467356,0.0013295199088047326,0.0,10
node_96,14,1824.7751939811765,0,0.003529559371518374,0.01822041426837712,-0.022987338394538065,0.0005507302675619497,0.004750081978499507,0.004351028283696382,-0.0028841145169187536,-0.0046116134263253,0.0008975967766396301,0.0,6
node_97,23,1746.7479381415712,0,-0.0017982155066839068,-0.006909674013958258,0.004260253120058368,0.002406893956570567,0.013280967081276289,0.021369118384086578,-0.00234364247072048,0.005802376455782126,0.0006405123840637654,0.0,4
node_98,57,1214.087183415262,0,0.020941467975117617,0.018726540442901098,-0.0012365134511506375,-0.011280085187924584,0.015663285512546164,0.03894656249215357,-0.0011134342077617617,-0.017297442823746227,0.0015962159749134263,0.01818181818181818,11
node_99,40,1117.4817103734665,0,0.009686259029290708,-0.00604689283366096,-0.003891750421606867,-0.006353248824920802,0.0202650929345759,0.027800952453999418,0.01037345403651223,0.0016088298092133296,0.0007604499289539548,0.0,5
node_100,21,3948.597899462717,0,-0.00036053912034606623,0.00787436474001468,-0.0021779332637517335,0.024120675718876296,-0.0036333288787405195,-0.007913231524363714,0.006131056106781681,0.0029112919703313763,0.0012420289427163935,0.0,9
node_101,16,1903.0391680993305,0,0.009386035227075472,0.0159353653455317,-0.005818591503662421,-0.003624811542387422,0.01716420005343772,-0.024485740915794283,0.010744637279711254,0.00033771672902929684,0.000740258243422436,0.0,5
node_102,45,920.2717232045386,1,0.011316767948895554,-0.015452368079331858,-0.000881115645499083,-0.0032823875810180925,-0.013659972799905482,-0.0019327347719971348,0.0013278544699245577,0.00017904646745426462,0.000997459018817729,0.0,7
node_103,18,1534.473054609421,0,-0.004170674689005123,0.010103288639960104,0.014801841213660962,-0.007324966555326748,-0.0009034911902588184,-0.008358682319301645,0.019650349021965066,-0.02626652803142215,0.0008873883923077204,0.0,6
node_104,47,1101.4967348329003,0,-0.027838401717228605,0.006089259028038783,0.005621402834629252,0.0015065705062916326,0.006365357699621836,0.012298215935345764,0.007946167991874462,0.025894683452956143,0.0010319104425826342,0.0,7
node_105,53,4570.163101282489,0,0.007082305504902628,-0.0004560019990165303,-0.0038472737352473305,0.004725710353396695,-0.0031336584878848468,-0.0012474969942353033,0.021453892366423866,0.0030752193815484653,0.0011978208267803918,0.027777777777777776,9
node_106,24,511.3443347379317,0,0.02789885535208442,-0.028579636893545174,0.037965866064205635,0.012075197146070717,0.002802842101252216,-0.012560365704766832,-0.006126574577353994,0.02162075986888637,0.0006593106906598323,0.0,4
node_107,26,882.9826373865186,0,0.0033788214892771767,-0.0207681768978448,-0.019771568972756032,0.005364795717297805,0.020005790909837486,-0.014526962204185817,0.014503298157773915,-0.008210424286907986,0.0005017609359815064,0.0,3
node_108,25,1182.0385381589354,0,-0.005442317317523286,0.012263979039779308,-0.0057764809974064375,-0.004757786176303735,-0.006529513390610558,0.02038500326284484,-0.008125533539579661,0.0033119833790956005,0.0014957565057000825,0.01818181818181818,11
node_109,45,1503.5888601947686,0,0.007428835203425142,-0.011498193574155628,-0.011364630537822766,0.016888203508102384,-0.02276981967480079,-0.028435083216079036,-0.0012886923705575032,-0.021532563289331237,0.0008799137586410581,0.06666666666666667,6
node_110,41,3353.8775148142927,0,0.007827238945082885,-0.010342447614140422,0.001163320451811961,-0.015289496645548073,0.0028030777347402805,-0.012927243959499206,0.008958588878114062,-0.009897472371689801,0.001238448962550298,0.027777777777777776,9
node_111,29,637.9881166889364,0,0.005238254382030762,-0.0012963626427568294,0.0028974266867134147,0.007172840261232651,0.00039466352543624005,0.004980905551759533,0.007611646025769929,0.0028479539500748563,0.0019453161245601865,0.009523809523809525,15
node_112,15,2958.801353356092,0,-0.006059304847943998,-0.01554107241258055,-0.007270133232698077,-0.007078776491327477,4.9051733234260176e-05,-0.002114358507460026,0.005141905483771664,-0.013267850976713184,0.0011449140578971638,0.0,8
node_113,45,585.8931707448121,0,-0.006989667349506524,0.008219393618889879,0.0014494776521689874,-0.011027420632122129,0.0035757877888629116,-0.0014797335729964303,0.00040056341151419256,-0.009507867201871112,0.0013324284519466594,0.0,10
node_114,1,3270.7246834435214,0,-0.00047650298698855107,-0.0039519008074320764,-0.013279236802360175,-0.00825479822286215,-0.005242432049230954,-0.00639599622980896,-0.00198020780817915,-0.001591976905013522,0.0013382730568159734,0.0,10
node_115,25,579.524500437242,0,-0.00015771534266228554,0.00922863057286065,-0.01041177139110581,0.0007714419963407335,-0.008599377287241758,-0.007278158844305962,0.0017272687223435104,0.008537284255246708,0.000928438663383961,0.0,6
node_116,7,527.6163908256004,0,0.0020253975673980443,0.007486150075735778,-0.0032130009496473834,0.0018465345917264408,-0.00824081351690507,0.0009836979050130664,-0.00333724032203261,-0.005519752649180428,0.00049948194818254,0.0,3
node_117,9,2290.842941976256,0,0.003229662577453936,-0.00786223170273631,-0.01171680536812706,-0.0004668858782950163,-0.002323803353288369,0.008613185656255478,0.0014078615170163308,-0.027563445354065352,0.0013076129317640048,0.0,9
node_118,24,9347.253557665765,0,0.01586964811127215,0.00038402725894305477,-0.0055901048479272105,-0.013689823380000708,0.004865686659811006,-0.021406046605656946,0.0047707952491106796,0.00396873994388488,0.0005211325448002649,0.0,3
node_119,1,3903.874365352727,0,-0.005809517570680177,-0.017237952797521966,-0.0008674293779846066,-0.006880921850299847,-0.0012389029382551184,0.00791723694824383,0.00656735773023964,0.00225171557743415,0.0010149433042862025,0.0,7
node_120,44,1787.0271382500755,0,-0.002369974206379271,0.004478604648968462,0.013559473618299777,0.005120084117253446,-0.010735274362728956,0.0015043870952248497,0.019764837931762216,-0.0015230533668959987,0.0012201924015757557,0.027777777777777776,9
node_121,8,4240.538734281283,0,0.0015621637838516653,0.010986703997740292,0.00561002638603655,0.005422614020054948,0.00012944999900376175,-0.021187821279352592,-0.027002347563121868,-0.005403316007247859,0.0011149841834096968,0.0,8
node_122,24,507.9711518831933,0,0.010902526879777543,-0.0030357556643453277,-0.0009762880198580727,0.0003037280111523022,0.00041267821655190936,0.016139331641331762,-0.010595060397349332,0.0038063736232232487,0.0013351597088707783,0.0,9
node_123,11,6037.354380627278,1,-0.00295698934966528,-0.003602146560886301,-0.014678781106297398,0.004445323760198724,-0.005625220751166308,0.0020598853189113756,-0.006015565549017879,-0.014200445801589377,0.0006342665265103298,0.0,4
node_124,51,1512.220740114004,0,-0.011348172498924551,-0.011778581749547875,0.0011878374878292982,-0.018439046759566972,-0.012952797479239806,-0.00405761252545542,-0.0037189791303483717,-0.003150944632592023,0.001099849608939173,0.0,8
node_125,17,2425.0441110195065,1,-0.008427543071758983,-0.008256544315262026,-0.015259875094613797,-0.003211810510072549,-0.009236059190670408,0.01617917690966479,-0.009641069432988236,0.01984486788497699,0.0006356493278834121,0.0,4
node_126,8,3079.393819166195,0,-0.001551523610349477,-0.004243264286839081,-0.009454052459851398,0.001939619520440616,-0.002830092049581949,0.004848110453638442,-0.004756854599936922,-0.012423792395957612,0.0010994589136056499,0.0,8
node_127,35,2401.2065778984893,0,-0.0021781114364892258,-0.003750451987822259,-0.0020469364678580384,0.0019530997409831006,-0.003186316117560346,-0.000538553946540228,0.007160860529708279,-0.0025372258008147562,0.0014525552026496513,0.0,11
node_128,35,1648.6953052398678,0,0.0005138672117475567,-0.009578030640548036,-0.010769861925039018,-0.0005515348744182312,0.0028816991704069053,-0.004951178127440669,0.00012310286904723545,-0.010467712669400733,0.0013708048616747404,0.022222222222222223,10
node_129,33,1471.169773477436,0,0.008602871676288313,-0.00808883912164371,-0.018970375767362956,0.0066316618890210005,-0.0036857552567149026,0.009585731435704905,0.011454616424312166,0.0048542444304172155,0.0009661377243695168,0.0,7
node_130,59,3235.642199635163,0,-0.0042756128395454165,0.001358011913038916,0.0011847300408130829,-0.004548281238407644,0.006997631440001541,-0.0021788402053608976,-0.012766126151829881,0.0038169683010143697,0.0004956149572443187,0.0,3
node_131,5,844.2660935352677,0,-0.011971828595947927,0.011264371543548056,0.0006338135996555096,-0.005581808107691096,0.004900768248917127,-0.005025930504169156,-0.003420078011413879,-0.014123598394126248,0.001261961887489728,0.0,9
node_132,42,5662.750957442326,0,0.009368527578967353,0.014007117505988508,-0.009854858082429346,-0.0071665237059623365,-0.00596445763328814,0.03272779585056674,0.006960675024825816,0.014100263433633116,0.0010114873333252684,0.0,7
node_133,39,2361.7462569447607,0,0.008054677637384336,-0.0019331125175621928,0.008026985344643767,0.013134584327603047,0.002022995504607484,0.004044497145542549,-0.00972804493142548,0.003762512914653757,0.0007432788853804423,0.0,5
node_134,58,833.7911005206631,1,-0.012091956150434287,-0.009565383356517876,0.006411116026203968,0.003652423582939534,-0.00037946446897859563,-0.010199103485828058,0.004763995986093155,-0.015946315297273504,0.001000919651207952,0.047619047619047616,7
node_135,41,2499.114374492668,0,0.015332038092230289,-0.03066634182418069,-0.017535843929329924,0.007061349046573392,0.02562310432765791,-0.0026472696643823905,0.014011494728901747,-0.011347140354535344,0.0007767180782656761,0.0,5
node_136,28,1632.023398973725,0,-0.016856846298508223,0.0023883369639200896,0.016202523036359474,-0.0025678568337239305,-0.0008869089519663369,0.0025767029337778738,0.020264840794541522,0.0018631052368033656,0.0009800951446116972,0.0,7
node_137,7,2342.55243177306,0,0.003630870679087187,-0.00281822822834024,0.009046840319852796,-0.01806464071785881,-0.0052463397036675435,-0.013216635898098565,-0.0027675824220863023,0.007046127536927807,0.0012242898551066265,0.0,9
node_138,9,2690.101900802256,0,0.009499855910434762,0.002278154324825777,-0.015980524524327046,-0.005545949916191059,-0.0030334112552761355,0.0020535902802177913,0.009577690629452063,-0.008652361309845908,0.0012432664082558003,0.0,9
node_139,8,637.0059196729741,0,0.0015898244193089878,0.02424937181556236,-0.029114563546850946,0.033250153297413286,0.010038664175425056,-0.029377206985811578,0.0025854395335226333,-0.020650207307364173,0.000783121773905225,0.0,5
node_140,12,1558.145332870668,0,0.0014167663522975027,-0.02632323260420115,0.01910925037904293,0.008863155782351008,0.006958554964035755,-0.008079778844534926,-0.015084776531142536,0.013885254479307085,0.0011458107196989037,0.0,8
node_141,34,4532.687767392486,0,0.006777336592237307,0.011391664709492535,0.0030432190184163013,-0.01886437791998893,0.016475786678380278,-0.01999507710513249,0.004342134723500063,0.02666183491441857,0.00050851771401154,0.0,3
node_142,33,1079.910990910149,0,0.0009574636843945026,0.016846393520600886,-0.037745299471811704,-0.007454717553674647,-0.024927953478150886,0.0318519596941087,0.023424648845582565,0.052517577829097335,0.0007177315288434752,0.0,4
node_143,48,1851.671335665216,0,0.004017214794582008,0.008548495644549304,-0.00272639770499919,-0.014226818459588083,0.011772021705968421,-0.015694961185754402,8.983645848850522e-05,0.002211919788505732,0.0012007743778911244,0.0,9
node_144,55,1191.2221205728786,0,-0.010628572821283506,-0.006291169848749903,-0.008962648279423068,-0.008226699214433328,-0.0019401624965052508,0.003782494752778415,-0.0018821637447831632,0.013436650930229279,0.0007258938599554829,0.0,5
node_145,23,1408.440822987392,1,-0.0004209457782303464,0.02058644035921274,-0.002346585292817602,0.019602982204013793,0.028233020261026486,-0.025134043591098373,0.007714752475782929,-0.0013503614908813605,0.001359535777514173,0.0,10
node_146,24,1693.112482827123,0,-0.0059519352392211275,0.01679145366827654,-0.006947812076859521,0.009251991747728,0.0014705640972262953,0.00311351971445566,0.002549409678418871,-0.00161793348235884,0.00125280433904938,0.0,9
node_147,37,1694.1724412702597,0,0.012113993213731621,-0.009113627680548849,-0.017423346054462625,0.0007574155356521292,-0.01135575243769901,-0.0020710367183431225,0.003722098681958202,-0.027700509302806806,0.0006357372877218698,0.0,4
node_148,35,837.9634580886925,0,0.0009960444118597416,0.00882815475304587,0.0016522423520875546,0.0002123530633699351,-0.002682636202628652,0.01222032896387147,0.013834729083348913,0.019531970427711196,0.0007494113219332105,0.0,5
node_149,44,2230.7350983241413,0,-0.008066100967432169,0.016721696634900977,-0.005890223515637197,-0.0017321863218695774,0.008351423916149707,-0.013683974760291545,0.008268881072181069,-0.004426473198301394,0.00086020341422838,0.0,6
node_150,40,637.9560267470291,0,0.013209889236383906,-0.01636518482775268,0.020065146800243103,-0.017471446885214487,-0.015738526134886358,-0.016524921120887326,0.005648847960556968,-0.009932593419232721,0.0006410361872074772,0.0,4
node_151,22,724.1859201421191,0,0.008794918422653343,-0.003255829920338822,-0.009557117864095022,-0.012895412376248321,0.0115808223537393,0.017565212226743038,0.013558431034079508,-0.021510232864548444,0.0011299275959744152,0.0,8
node_152,27,504.07187083468415,0,0.011021358281829407,0.052336579092046545,0.00948356954955136,0.004525466271323717,0.024242035638520055,-0.035046201002258096,-0.020301020497282336,0.012648549293556226,0.0006624898845466398,0.16666666666666666,4
node_153,35,686.1288940762545,0,-0.003206965586908975,-0.012662925325492298,-0.003136871481883519,-0.012183189408788715,0.01000941844080394,0.004891308035734974,0.002294681027550198,-0.037760712544798236,0.001415551085569125,0.0,10
node_154,1,1461.3052282939436,0,0.0015847720340633278,0.003448718593158449,-0.005195399962251531,0.0009440480740491552,-0.014666414308916919,-0.008026333748258414,-0.01272606610053789,-0.005980956369894147,0.00097906596140003,0.0,7
node_155,35,1897.4944767231864,0,-0.004406421616851482,0.015252469740435932,0.005971495825222835,0.005684871303122668,-0.005499182503728252,0.0034086236020613504,0.005681278257314837,0.0019498605938624662,0.0012248113410686706,0.0,9
node_156,37,2871.927792787225,0,-0.00642587409442193,-0.00853132514140859,-0.004651907768517942,-0.013203265409577607,0.002251780665421201,-0.006710152177782931,0.012185841616003822,-0.009693438320751317,0.0008520593976035174,0.0,6
node_157,47,669.2479532271723,0,0.005267909589355631,-0.002422382366189069,-0.01725518553453913,-0.001426583641246369,-0.016491042602919656,0.0022876328443691015,0.013984299533768374,-0.0011198130758795922,0.0010853382947468267,0.0,8
node_158,14,3352.972274670132,0,-0.002276786096269183,0.011816039601640642,0.0016403288507128451,0.001982589010101701,-0.005479235382378325,0.0031138681142721465,0.008860124894449494,0.004193236853833041,0.0009748113080228671,0.0,7
node_159,3,2555.4810858160035,0,0.012701803967933557,0.01445909368437394,0.025281618654199034,-0.00019254268141710127,-0.035131967531852194,-0.009365639614596941,-0.017825115645853665,-0.006139341087905156,0.000908236759344865,0.0,6
node_160,1,1287.6867835876133,0,0.11239691500384076,-0.03093458839843615,0.06224653833552534,-0.005457697952715666,0.04087862068035177,0.019647686240190577,0.008465567510887027,0.03379884014335054,0.001106772742228709,0.0,6
node_161,5,4553.208072375607,0,0.00801588856279926,-0.0017697010262504277,0.0102177321553365,0.01986462589505592,-0.012614429480425664,-0.005940248301877142,-0.009759974952123898,-0.001441080478427981,0.0014570510424485171,0.0,11
node_162,26,7554.087941108453,0,0.011558388773574,0.020644452162369067,-0.014848300939685253,0.0018267166014804968,-0.008249660267121192,0.005160126979942128,-0.001391862762773086,0.0016963930166825835,0.0007438238587222736,0.1,5
node_163,55,844.1231616903829,0,0.003977381604695522,-0.002440736429295273,0.01114856522034851,-0.02025120284928642,0.014222598086594233,-0.004301172889579621,-0.03653460403190541,0.0034414007524797455,0.0007748788475050621,0.0,5
node_164,14,1215.1885348102926,0,0.0016031122423943672,-0.005606594462526874,-0.0010870999236162462,-0.018346696641061287,-0.004314739544293737,-0.011862477118444565,0.0021144880321431274,0.010620691715329419,0.0010770503014083494,0.07142857142857142,8
node_165,39,4414.672992469741,0,0.015072128566238813,-0.0026014941239562574,-0.0054245292919342155,-0.01942656700044745,-0.00864305321111601,0.003172181126972857,-0.0016666364186434625,0.007990425453069192,0.0014631569588980848,0.01818181818181818,11
node_166,27,2418.0259415836936,0,0.0022770307923562524,0.025009622356871306,0.0008693071986544778,-0.001111620636976925,0.014041421152991139,-0.005494636470474604,-0.008074859594410929,0.008455712670660828,0.0007651338410946565,0.0,5
node_167,9,573.9344975922894,0,0.004289381743823869,-0.004884582889283852,0.0014833490302771624,0.019351557130502222,0.013663674940799947,0.013915444609801205,-0.006671095717081425,-0.0015215111900798754,0.0008699157236414633,0.0,6
node_168,15,2781.553317022236,0,0.004821618732784013,0.015575592214979998,-0.004721780997635376,-0.00856495454887563,0.012199264954704067,0.0027248093627807862,-0.00587721451048127,-8.482606914946028e-05,0.0007662154475484315,0.0,5
node_169,15,3139.8757730183365,0,0.03750632871726426,-0.024345609952687718,0.002071464844638643,0.009892029640307613,0.028015709543764714,0.010851342045862968,0.015502832307503989,-0.00492465197702615,0.0006598862031736367,0.0,4
node_170,26,2582.456117465833,0,-0.0017497136712781513,-0.0013012877794351203,0.001976692226076839,-0.0021752662764302293,-0.0032139865494223135,0.0003186392968339869,-0.0003950635649119498,0.004540863029153409,0.0010782889420369883,0.0,8
node_171,42,2910.689361506195,0,-0.002530410097080729,-0.0009878523824044566,0.001463303257920221,0.013613595370778204,-0.00503966399080485,-0.005737911065467838,-0.008334136254023987,-0.006722765701884927,0.0013753365618594932,0.0,10
node_172,13,3115.5916176977985,0,7.754046186508717e-05,-0.012169526830202925,0.0018627953610324717,0.005552424280325172,0.02230066367387163,-0.03377747146442498,0.0015880214949375675,0.0213178031521543,0.0008506221540999005,0.06666666666666667,6
node_173,51,809.4388453308006,0,-0.008509532333096866,0.019632714349027216,0.01597167854191477,0.007130846162003216,-0.00017703191059242627,-0.015206614015087608,-0.02168811467787162,-0.0069902539097903135,0.0005692760242073683,0.0,3
node_174,32,903.1761461785192,0,-0.010194879501101673,-0.00024170797438350584,0.01054305012750273,-0.015749097961074963,-0.012009853663040833,-0.000954415988398289,-0.0004661781249546369,-0.001204625486306653,0.0012278592318273195,0.0,9
node_175,39,2006.6937516430396,0,0.003704441934044842,-0.002295023924694585,-0.0003511250648919598,-0.03182093756988969,-0.00022339201854856095,0.005797879227348883,-0.0039952332287209345,0.0020784725388939594,0.0010019906959815579,0.0,7
node_176,49,4076.768983853417,0,-0.0023764088186970143,0.010030522361133967,-0.00746970091353929,-0.032918321897135394,0.014700480454078095,-0.00911497516845601,-0.010891353147368513,0.0008611898155774637,0.0009139151827069986,0.0,6
node_177,52,1070.1272055281615,0,-0.01861320782071558,-0.003326617322541584,0.018676294807529935,-0.010010910775109723,-0.009474719609613587,-0.0022028970976148217,-0.000213166224531661,-0.0061738418358421015,0.0007331120867784509,0.0,5
node_178,32,1831.2148482964776,0,0.0057405339735610945,0.0014095422700764195,-0.01961882435095466,-0.010985833610307442,-2.225987094885355e-05,-0.009853393726964714,0.02350283209836137,0.003788673611360237,0.0008579468318848649,0.0,6
node_179,4,2223.195386637851,0,-0.0018451959142176337,-0.0065024576253202085,-0.00370242146294666,-0.00046527400746026185,-0.0018507758065352206,0.004308008930478929,-0.004321306232362022,-0.005642633726997845,0.0015172498701784079,0.0,11
node_180,30,1402.0793047737577,0,-0.009156081014963987,-0.004003684401180595,0.006552587753446116,0.0035622825190514623,-0.0022873989911805152,0.02160811636945363,-0.010752998349829927,-0.010626521483495821,0.0011112906868654601,0.07142857142857142,8
node_181,37,2376.5046649233063,0,-0.002552361707445073,0.002880750564736009,0.005784391407132894,0.008872007517584574,-0.004636472960983818,0.0024685605838349082,-0.021234718846793864,0.004156507272634176,0.0010022117103609797,0.0,7
node_182,23,3948.8975949778855,0,-0.008850959363271049,0.006095108198650728,-0.006256423757188344,0.0011994574972185798,-0.0034032844495190183,0.01867819368932038,-0.00702737962531616,0.0012933451579497728,0.0009845237555450265,0.047619047619047616,7
node_183,39,1967.6543545693607,0,-0.019551733013571916,0.02590059036331833,0.03459587865072311,0.009919370735595887,-0.006638269731478269,-0.004022887429827441,0.0367003238234743,-0.0070695831937862014,0.0005379660248829054,0.0,3
node_184,45,1664.0794255533513,0,0.014940676554567071,0.010744295734618093,-0.012912116658514716,-0.01845958718115075,0.017382851035857478,-0.038846515669964964,-0.007652809022585718,0.02533042539913734,0.0006442969853830943,0.0,4
node_185,15,1366.3690293680545,1,-0.00857832091285559,-0.005925835081847745,0.011180832759353953,-0.00938245062797908,-0.010359023521309529,-0.008721299695632113,-0.01675340287312967,-0.01254069671709127,0.0011276008626793742,0.0,8
node_186,43,1792.3000067241685,0,-0.0007446708920660944,-7.076862248822405e-05,0.0023080857264104393,0.012395081964003149,0.004677606378051316,0.012897704741450765,-0.009526900329517364,-0.005640395459362073,0.0012175488062498565,0.0,9
node_187,29,1158.60059140698,0,-0.002157670630860009,0.01019718236941213,0.0073675799607565914,-0.006564097139835211,0.003591822376883668,-0.006231021499210497,-0.01955858799973013,0.0042708106896685435,0.001532751865382218,0.0,11
node_188,36,1245.093450730293,0,0.001421655798782457,-0.007170013267637935,0.017645376142971358,0.022344979242180114,0.001609531727829691,0.0020554070812726292,-0.015437684210587527,0.012298662795422516,0.0013907990852884363,0.022222222222222223,10
node_189,13,1638.4737482655366,0,-0.010636289555907359,-0.017552412078575025,0.014294782007449294,0.002793532850340782,0.0038230584324309633,-0.010916265582698844,-0.0024534684279348927,-0.00033730735432004234,0.0006293156452497966,0.0,4
node_190,32,603.4128826626066,0,-0.017695070003510487,0.02462996519183067,0.007313135268281538,0.007491139622170902,0.023118913467685305,0.0010846775645721254,-0.0024196459124426702,0.0004299958957929363,0.0010724264779786495,0.0,7
node_191,7,890.1497576280135,0,-0.01194351137778119,-0.010750266620949857,-0.006618205002689097,0.01404029183372153,0.001473992548378675,0.004274688264823047,-0.029995236964415483,0.002687587684059278,0.0011212463147665303,0.0,8
node_192,59,1674.11330954485,0,0.00292884363562416,-0.015134577813082216,-0.007053939550881932,-0.011399567827751311,-0.0042796509888287275,-0.005459304044747044,0.005854498499450263,0.0020694622095642594,0.0011759362934992716,0.08333333333333333,9
node_193,51,1347.2052068220617,0,-0.012632718515662304,0.005464556406478268,-0.008650021934229654,-0.019669614166823914,-0.004944845161519519,0.003794077229145559,-0.007436996106226667,-0.00010321678644013155,0.0006116653109696283,0.0,4
node_194,22,1107.033632237412,0,-0.00152325037040056,-0.000954804201174952,-0.004035377539497399,0.010249891915736574,-0.008215128060434628,-0.014046456002703068,0.011110083491544654,-0.015195538327372112,0.0009917227491113845,0.0,7
node_195,28,2467.0538466192043,0,0.014793769872519104,-0.024447428898936953,-0.020049837746462344,0.007844536262901143,0.016203305663198664,-0.01002866519161155,0.014550180641624513,-0.01059920343143962,0.000776947638738326,0.0,5
node_196,2,2274.8716264586537,0,0.008169636536679455,0.02010639985339055,0.007625996606720194,0.00288072816327947,0.01477719296617818,0.029472735369775703,-0.02157735692314302,-0.02162957013423032,0.00039676844277585947,0.0,2
node_197,42,773.59770761584,0,-0.020956806584094677,0.01660301456988424,0.015639437860967588,0.012426295317692508,-4.0097669166546236e-05,-0.013314147663826617,0.017067554305011546,-0.005876441480293793,0.0008676864805124769,0.0,6
node_198,45,3663.356388822193,0,-0.004413912841367449,0.013869304111575671,0.016486393518162813,-0.020894587947494856,0.02227443656880701,-0.0007627790247783087,-0.014845880853908082,-0.002358726314050635,0.001131340066721081,0.0,8
node_199,57,1526.054098874723,0,0.057248696217978394,-0.008282442593256811,0.031547753020808325,-0.022354313874359797,0.02663641483488522,0.012686632113162828,0.0027417081571496603,0.010162774627313579,0.0010580859284566875,0.0,7
node_200,53,2529.062573454594,0,-0.00523167256558041,0.016706092697096737,-0.03718053846584172,-0.015035113532169747,-0.02103599609518941,0.027934908129242927,0.02829225036617428,0.06603383246500792,0.0004228327039648236,0.0,2
node_201,6,1776.986907679854,0,-0.0009716780915866851,0.0065356603790140445,0.006407544399726447,-0.003751600720895949,0.0033231686034005015,0.009058037635091297,-0.0024969949778186435,-0.020636081826820595,0.0010017425739142338,0.0,7
node_202,28,9607.461246051713,0,0.009945182395957547,-0.00021165898133526014,-0.010049913334300737,-0.0013922610817737,0.007546655136858274,0.012541909330000591,0.014640569720444427,-0.008438944924817697,0.0008529710976126297,0.0,6
node_203,28,2593.9300090657885,0,-0.0071252686205578565,0.006323560253369571,0.0030744929361109733,-0.01579925132161172,-0.005341548487862722,-0.006748462622092349,-0.0027997384656916844,-0.00535678073782305,0.001339674548899125,0.0,10
node_204,44,2341.27398051878,0,0.006972707330346341,0.0086218475910318,-0.013709012560365136,-0.013807357584017722,0.00027194349231395454,-0.004365694873208111,-0.006768667265595659,0.019117402590881606,0.0008521257643826323,0.0,6
node_205,44,2761.486285275956,0,0.024174402724081275,0.008023989939974207,0.025087918385855345,-0.00938478878540523,0.012785845351905436,0.03339479966981961,-0.008281177404774562,-0.007797284425178548,0.0006551547607927671,0.0,4
node_206,20,731.7000693504963,0,0.010647941461816336,-0.004597944392394397,0.005185778838245182,-0.0069532550584117956,-0.006123039508901961,-0.01676069912907192,0.009905469302486732,-0.007567959442230189,0.0018649262171148795,0.01098901098901099,14
node_207,30,843.2607343351385,0,0.02635080545843605,0.010882743054258738,0.01438679764717064,-0.0091001603487882,-0.032960887931221663,-0.011349216530325563,-0.006200002762144577,0.011071883216632796,0.0013929159835071446,0.0,10
node_208,11,2377.9813354808607,0,-0.026502010554088705,-0.0070360918637830975,0.0065081458884029995,-0.006837926803617187,0.0009661458021571619,-0.004826050767943915,0.012620236996747108,0.017462078921203942,0.0011454315431164688,0.0,8
node_209,58,1521.7730354990726,0,0.003513303344826777,0.010208673431944518,-0.00581590887035615,-0.001104900752057358,-0.0024761413254991674,-0.007517561225154827,-0.020118721882551528,-0.0037705749878637717,0.0009820075268631358,0.0,7
node_210,55,2607.514355987603,0,0.00010890321913770226,0.012368533001952998,-0.010129784307390982,-0.016643846653106576,-0.00843583029655443,0.0024398125504456066,-0.004285646117604495,0.022003883091639285,0.0010029583860022523,0.0,7
node_211,28,662.9087151410843,0,0.0017146122980561131,0.005551714555841084,0.01450677461975067,0.005610497573379041,-0.021306339215298276,0.01484319883791137,0.01875085838010752,0.009821777122628201,0.001007741006292658,0.0,7
node_212,25,1653.3629909958554,0,-0.007932339744900182,-0.0005490946598369765,0.0025586013994915416,-0.00899632010522815,-0.00523894284174535,0.01103381584995853,-0.007957802056988207,-0.003503908290933754,0.0013721327026361325,0.022222222222222223,10
node_213,39,1214.2053564115176,0,0.011360121194473818,-0.01779111118096167,-0.015748244563943296,0.015346861572656896,0.02118740055605585,-0.005456349188587668,0.016349327090444538,0.00928978703205615,0.001132126553501323,0.03571428571428571,8
node_214,33,1415.9695443229175,1,-0.012711228143911606,-0.009751033845661368,-0.0019748677230086668,0.005264945407989906,0.002351461563837497,0.0062763015818807465,-0.024667389060746538,0.005069740191024682,0.0009731533846228566,0.047619047619047616,7
node_215,1,1889.3520345960872,0,0.01624847578551898,0.009992686263690488,0.002752681471674556,-0.00700603077941597,0.008824304284440322,-0.0031122486743908676,0.015711705194271945,-0.004420960939438733,0.0009964013805984534,0.0,7
node_216,57,1546.6015709270068,0,-0.01025697258936502,-0.005347888516090035,-0.005603579323676402,-0.002665400709277547,0.0051003159717071455,0.015902494225423138,0.011990339217668783,0.011628653465683973,0.001262229447809264,0.0,9
node_217,27,1664.338808877165,0,1.3801268136730664e-05,0.0025074490730909193,-0.009950184858691383,-0.011312864852728761,-0.004665355460709687,-0.005632162482055396,-0.0034561659786250085,-0.0023313452835054182,0.0011947175227744412,0.0,9
node_218,57,1499.3416186345253,1,0.007903402089549847,0.019860250912967538,-0.014451193983873704,0.007882579672305896,0.018224045885909687,-0.026483295195322804,-0.016186593098583682,0.0014686282591345713,0.0006896862527772873,0.0,4
node_219,52,1288.7951329355003,0,-0.0033380915796127433,-0.0053797445633481265,-0.010394856810653497,-0.008327600336294741,-0.0021804400091842016,-0.00432267770560079,0.010065211640375023,0.001174534983373213,0.0011042259135924104,0.0,8
node_220,13,2716.838232494428,0,-0.005055154826645434,-0.003816217105630596,0.004352094784067904,-0.01661372713863231,-0.011704215342433036,-0.010216811363234652,0.0020988884916415076,0.0007558367381565033,0.0014643043101125485,0.0,11
node_221,41,518.4172117155586,0,0.0016670486345773856,-0.006105390907546954,0.006060652320942233,-0.010428320497456548,0.009355407260693652,0.012595758541882279,-0.001908565293742646,-0.007560483712303661,0.0008817003970669236,0.0,6
node_222,3,1868.6075659401008,1,-0.060059837236234925,0.016697179183320483,0.04647700901778829,-0.002481150750538548,0.030889360915641904,0.028933269151572415,0.024302467446711353,-0.005550762144688287,0.0005728594929037857,0.0,3
node_223,39,1750.367818687152,0,0.0036769247387264453,0.00028802482936676006,0.0019160364028802568,-0.014404775315353153,-0.0021447822463788887,0.0007145825938318296,-0.0007337451518615984,-0.014899029761688169,0.0007334924245832974,0.0,5
node_224,6,2389.1176767984034,0,-0.0023594825871297628,-0.026317507088670207,0.0030155586708965265,-0.014522399348416976,0.021991693813603316,-0.010669750998025288,-0.029438099777501767,-0.0013447368481354339,0.0007836108375974676,0.0,5
node_225,8,1870.8006248421063,0,0.021882829360339615,-0.019238006603083384,0.0034307389493155914,0.022030944161574223,0.009419247508602232,-0.0050489757466528696,0.015016409743378837,0.009909594457686903,0.0014191042612611135,0.022222222222222223,10
node_226,27,3129.952272546104,0,0.005809067937805559,0.0044121306426328595,0.006216804831937038,0.0007677359187273566,0.013330176241733159,-0.01056039578955483,-0.017585682286976722,-0.011410877897796112,0.0008858661822376665,0.0,6
node_227,9,5294.013703882218,0,-0.006290640097211098,0.003600965791806203,-0.0088950091023218,-0.025169690925753073,0.007322112661535602,0.0058398606750844455,-0.0064563257558555055,-0.0053042625727805675,0.0009770701293392446,0.0,7
node_228,37,1129.0211129869954,0,0.010945024693058338,-0.001885700641831097,-0.012743492229361093,0.00757267795757714,-0.01611723722785363,0.006073601164778446,0.001833280079720024,0.003240580974716196,0.0014806400745970704,0.0,11
node_229,33,886.895579880387,0,0.014077620259385302,0.014776500162235116,0.007623485295787552,-0.015568318920278799,-0.012107299527532844,-0.018449023015489525,-0.0204837260360675,0.015174672024911198,0.000778088770741389,0.0,5
node_230,51,1326.4219571976007,0,0.005674710700755344,0.024502833807056316,-0.020323263280910227,-0.007378476022584361,-0.03088066584590424,0.0008468475611668833,-0.011183736572972145,-0.0024765678370366087,0.0005264140360829849,0.0,3
node_231,42,1009.3677787870904,0,0.0038303682876238074,-0.004982007748630058,0.006089657402071249,0.005475052826304266,-0.000498011102956767,0.0014911112208240108,0.007318974826190897,-0.002588344958928394,0.0012241832265019266,0.0,9
node_232,44,1931.5741496326148,0,0.0346380965311346,0.053439197156996916,0.040085861146231784,0.04745032463932424,-0.031188245361264754,0.030746157899304447,-0.03423159832129755,-0.014336144368633386,0.00043196736997200253,0.0,2
node_233,24,4143.114045721478,0,-0.02148184712898321,-0.019913105482836584,-0.0015749134056943532,0.00012225795616100003,0.013765452436960299,-0.01671242256420467,0.004362449694856392,0.02225618235749186,0.0009808556831467396,0.0,7
node_234,15,724.6936043126461,1,-0.009697783139262613,0.007517926429926504,0.006414692716845373,-0.005982675749778731,0.018767152696567705,-0.015129272574282886,-0.011813604657311072,0.005030270468351296,0.0013283804318533023,0.022222222222222223,10
node_235,59,659.3656968149154,0,0.0008879754859916132,-0.004178154401255517,0.005134845563203873,0.01926282144638261,-0.006225009602621583,-0.003021227407968526,-0.022148334906973113,-0.01080592480886055,0.0009815446866970503,0.0,7
node_236,54,943.6026807715256,0,-0.003555028918653213,-0.007463611663317156,-0.009551482356656905,-0.010849141191487879,-0.0005401579478339163,0.008679140722988803,-0.00978318775307382,-0.015497070477627542,0.0017429318065768384,0.0,13
node_237,32,2442.464131550303,0,0.009227768720888378,-0.0002861782924108675,0.0002622708963909526,-0.0078105893755083715,0.0027113662289211977,-0.006300222553809815,0.0009692322733589949,0.004856918124540318,0.0008971662400980344,0.0,6
node_238,32,1848.276433733739,0,-0.027198155750232066,-0.02465755866438947,-0.001278536970835728,-0.008165262178785122,0.002660081140029166,-0.0037091900279212745,-0.006307824958753,-0.0017639405347263564,0.0008929624760725945,0.0,6
node_239,24,661.7330878641114,0,-0.015720641148846838,-0.02267159679532608,0.006472253249963549,-0.014350414555261379,0.01467565662379818,-0.005289382080751842,-0.0014423963403185306,0.029039881402573575,0.0006482643372705316,0.0,4
node_240,41,4265.346328426282,0,-0.036159776326995616,0.018897029290412176,0.04706539072308054,-0.003324727038458744,-0.0002846626651934931,0.011858605635833942,0.039829537027799414,-0.009812889362405595,0.0008027535033426178,0.0,5
node_241,52,2841.576295143338,0,0.012226507218329656,0.003363795766802552,0.0017076879851536941,-0.025040590331221455,0.01483416356754537,0.028186191582422866,0.010848114262573077,-0.026690819200116386,0.0009214939999262564,0.0,6
node_242,49,534.9376462163154,0,0.0017766894907937912,-0.0008781572591488051,0.00352692518429188,-0.008169398898133154,0.0012943173010076248,-0.0027739673775521176,-0.0015890543541497819,-0.011966170324344431,0.0007825218725993003,0.0,5
node_243,49,2080.604136788397,0,-0.00823468266079416,0.006800983822545506,-0.004624580071010787,0.0010191730349719899,0.03557180353746221,-0.015261379122664174,0.006261921779884603,-0.011563857969225492,0.0007636542854336556,0.1,5
node_244,58,2712.6665166266275,0,0.013301709507762714,-0.007660018952227475,0.026761820954003944,-0.03451969727938087,-0.02669663076804072,0.005012399194013679,-0.0011100985035732416,0.004124597485961528,0.000914030671037806,0.0,6
node_245,52,1203.650942939326,0,-0.0022954393657818105,-0.0005935120460290829,0.011136491235887539,0.007533403157312245,0.029108443603431275,-0.008535040062369874,0.0010325234674094235,0.007488381559173527,0.001010828252182724,0.047619047619047616,7
node_246,12,607.1175944048556,1,0.0014826920851271277,0.005355670325554879,-0.011921264226593219,-0.007510715267128647,0.004376469261569538,-0.008552947349420982,0.007865161058710273,0.0031133151661223092,0.0009792226258290358,0.0,7
node_247,39,620.7109323901809,1,0.0038044602420542997,0.003628316151483639,-0.008640817262003593,0.004143007868634713,0.00560664218423987,-0.011843807993837007,0.008428109121612152,0.011680948466243578,0.0014226391640625188,0.01818181818181818,11
node_248,2,665.1358036323078,1,-0.010160442685711273,0.002419863760504319,0.00728355376508245,-0.0016442080845624543,0.0041358828287830305,-0.001516106736973353,-0.014008336089431056,-0.0069873915639507055,0.0012154152117575742,0.027777777777777776,9
node_249,3,3252.999418223683,0,-0.013124942236894237,-0.009189162831793996,0.004806017346108392,0.003217040196614856,-0.0029968924203511863,0.0001762093349365639,0.007147868499868102,-0.003972477612096615,0.0008680124085274469,0.0,6
node_250,49,4123.398872352204,0,-0.0026965199154850104,-0.002553293681935333,0.0055838729216537,-0.01648653938919977,-0.02486440554979871,-0.014327988341356358,-0.00025634768189459675,0.00765167224245966,0.0010618580940690073,0.0,7
node_251,37,696.5488305796224,0,-2.2679672247618626e-05,-0.0027475084399826363,0.001889767599066987,-0.007034643171635003,-0.001003731538290087,0.004527047071973391,0.005587289533819341,0.003972694995983328,0.0009561485054419558,0.0,7
node_252,49,903.59675901611,0,-0.005298487638567734,-0.008731684685795594,0.007797209895891241,-0.0037880812362706155,-0.0040282993474063,0.008695349597167074,0.006484139012361044,-0.010748355725249731,0.0017534963609507268,0.01282051282051282,13
node_253,56,771.4206713206935,0,-0.010842161296122022,0.002015205945555252,-0.002591427238422284,-0.009737241388070278,0.0009445781348712411,-0.008742159859185836,-0.0014920004432373677,0.007377604203967578,0.0008604087543688068,0.0,6
node_254,17,809.2837873248588,0,-0.007342493784493767,0.009723486197743514,0.0072013663310787936,0.011733050943800791,0.013494428533469905,0.001232838782296495,-0.0027992187077432954,0.00666587905758902,0.0012637282561367336,0.0,9
node_255,59,3225.5308936357724,0,-0.010609276878418594,-2.941871252012738e-05,0.001557053154859783,0.008641713485518664,-0.009093248555981377,-0.015698822359593155,0.017429608772173227,-0.007502490134004173,0.0011355472186906745,0.0,8
node_256,49,1105.5294651353602,0,0.011061777350169921,0.011311755279647456,-0.006151787030059415,-0.0022686095771794154,-0.016993158405785254,-0.004662210885212585,-0.003121181989049342,-0.0001384786546788412,0.0011434711265924226,0.0,8
node_257,2,1059.738517040421,0,-0.015630293875684143,0.018888163552515727,0.004115592538637005,-0.017825890887283487,0.008400368740791031,0.023934809290176464,-0.005481937432316026,-0.008633199480873066,0.0006562272943647664,0.0,4
node_258,2,886.9822410983804,0,-0.014494208424328409,-0.01334029722760996,-0.0006177002224160001,0.00839722210210396,0.004167516931932791,-0.005221515055429169,-0.00766952624812445,-0.004611990916647676,0.0007613275438618989,0.0,5
node_259,28,1904.3361078323444,0,-0.0074460239951085055,-0.017444262648581486,-0.0048777735777729625,-0.008144416674545915,0.0058048577539372564,0.003011743061864303,0.004175142265576187,0.008001565558627929,0.0011980985932300518,0.0,9
node_260,54,1215.374879275903,0,-0.013314707108512206,-0.011479036792350994,-0.010016010690430437,-0.013269008057599814,-0.006901307264654803,0.0012508794986421726,0.021210920339467816,0.005931521329100465,0.0006352835346829513,0.0,4
node_261,23,2545.330269252146,1,-0.009444107436829144,-0.0020815915706957322,-0.001713926522705054,-0.00329384064509326,-0.007460313884370133,-0.007265959652101616,0.0091749166052011,0.010896544158136318,0.0008508330772730875,0.0,6
node_262,37,845.2141236823561,0,0.002185224033813763,-0.012568064092417619,0.0057562284138291744,-0.018847445749777165,-0.0017717844289037187,0.004737842667034818,-0.016332884331376713,0.01583823433828615,0.0007350989323004304,0.0,5
node_263,32,2825.2676062207124,0,0.0045052137028478425,-0.0038425571258910154,0.006611085941093322,-0.008073849494962013,0.0014376887071127263,-0.005019673431422451,0.009842428002094226,-0.00978576113045678,0.0011568902849542625,0.03571428571428571,8
node_264,33,1888.4571682357373,0,-0.008589899567068196,0.006738027919426138,0.007887475368112878,0.01053226421300834,0.010964751866378485,0.012458785732723644,0.014850466495182244,-0.0013085913993406773,0.0009917384955602684,0.0,7
node_265,1,682.0101004410118,0,-0.01078259197911206,-0.004367695859275947,0.0007182883928023313,0.0004517774723365521,-0.018431059546832926,-0.009066644466112852,-0.0007929523479567089,-0.003846651724475933,0.0009708026782896042,0.0,7
node_266,19,1302.945388292911,0,0.006745947977763389,0.010265552884942212,-0.011654066337782418,0.003912699138164992,-0.005737405047157889,0.004706301345917023,2.281561015377252e-05,0.010118860795777644,0.0012079116204453929,0.0,9
node_267,2,3487.3453571784503,1,-0.010154455122637164,-0.000772527325013762,0.006894320026582207,0.005680303042961867,-0.007656076409119919,0.01306442185252365,-0.015015634468020117,-0.0004094452698401997,0.0012140002185757931,0.0,9
node_268,53,4345.150280455566,0,-0.006593011697091935,0.02729506215853812,-0.00813332152304795,0.0019378723570973564,0.024066480613240737,-0.0061622056766322715,-0.0038680343349039733,0.000979592313504798,0.0012560444920683372,0.027777777777777776,9
node_269,44,1440.1970434269074,0,0.012030088617025484,0.000988874240202831,0.012745861344091816,0.04683661950175879,0.0022030348018423104,0.003987039274131296,0.005703689689876904,0.015103268228420636,0.0008827431647103828,0.06666666666666667,6
node_270,26,1483.3060061143565,0,0.018849487881495104,0.005597411037267124,0.0020395692630172696,0.007468902359924881,-0.0008728677425616704,0.014403348662225287,0.0009302041372574192,0.005044460020132071,0.0015043079558223144,0.0,11
node_271,32,4259.895336145251,0,-0.011264662250074513,-0.0003150396914780889,0.011717125464972031,-0.004028631589423754,-0.0007513546912679813,-0.005735968417875173,0.012096509058760028,0.01023674283396475,0.0011043240308942531,0.0,8
node_272,6,1826.7093369210588,0,0.0015408847565681766,0.0016175813422668775,0.0015518211994325218,0.0027024575207453667,0.00010253204934609818,-0.003783371623142532,0.002580172412810959,0.002823651447124432,0.0020690375422987945,0.016666666666666666,16
node_273,32,550.097350678446,0,-0.008312643833044085,0.013545925119373812,-0.005566991083936259,-0.0006324662185011938,-0.004349698097187963,0.003488880903544294,0.013226709076345516,0.008412616783258402,0.0008483110517938984,0.0,6
node_274,55,4158.45734270812,0,0.005305606021436165,0.011507151361117735,-0.005835440156401242,-0.006681176810569512,0.0026924398915916825,-0.00790325310194338,-0.02303165052302835,0.008011131710818879,0.0010122630178052657,0.0,7
node_275,4,927.9801815989052,0,-0.00841741138186573,-0.016769245948291774,-0.001564564559405675,-0.00999891289857011,0.0011877145411274364,-0.008523330086541174,0.0056917771404146255,-0.015211104551305364,0.0014845908994932013,0.0,11
node_276,55,1792.8172975138707,0,0.002930777439644244,-0.0023777141834355232,0.0041020237335502325,0.01849527121114542,-0.008386412402622249,-0.01083409767041072,-0.016196094256102217,-0.014329460858836662,0.0014888869565212698,0.0,11
node_277,11,771.4077418687325,0,-0.014676717364757074,-0.0013640134339547368,-0.0026068473558162404,0.005858126446544668,0.005129206452018103,-0.0038310062149650684,0.009635012870013716,0.020096849980093968,0.0015585121725429328,0.015151515151515152,12
node_278,56,551.6995395209861,0,0.0016592839245337413,8.968696417200627e-05,0.0009216186089334691,-0.012541491587365687,-0.012317647588301886,-0.003938588387896696,-0.002355598738202675,-0.004095102053777977,0.0009828391060341041,0.0,7
node_279,59,1059.8014916677791,0,-0.0002710026676700771,-0.0026566609038801577,-0.007378411084997467,0.00524321310890205,-0.0004026131612548512,-0.003441240292576509,0.0045294417430940355,-0.014103510743169215,0.0009652811322232795,0.0,7
node_280,17,2774.575236589145,0,0.0007379853868265601,0.01728945794213168,-0.010172392101688252,0.002844573076597685,0.0029569557424304707,-0.02677978263970451,-0.004429327944572509,-0.007049545317573549,0.0010011286910179174,0.0,7
node_281,38,987.7377806498188,0,-0.007483167583377392,0.0006654228142593686,-0.011341172635223147,-0.0008749800281902372,-0.006877718533343278,0.012564087128274509,0.010346655417460512,0.012491649020921387,0.0016694573818288542,0.0,12
node_282,24,872.8790007547937,0,0.014796314460030349,0.001461232393558021,0.01774936694888969,0.0023227779445497746,0.018090328012512688,0.0078022906374793245,-0.0005910786210702079,-0.01649574681070405,0.0016317067568989024,0.0,12
node_283,5,858.6822530816183,0,-0.00925830400862706,0.0007927355007893013,0.0016616388118424153,0.011007922790991834,-0.0004099565655980917,0.00416323544578611,0.004529652962005194,0.010597737453815835,0.0008610224265301664,0.0,6
node_284,52,1585.946840353909,0,-0.01650809312133002,0.010833098511348506,-0.012587568056128968,-0.012046729139688737,-0.005529341563793561,0.0043681756532079445,0.001481052557436466,0.0026118802642144706,0.0011595456349794654,0.0,8
node_285,34,6066.154908988729,0,0.022863749526159705,-0.03465103257156613,0.02538628484340367,-0.003428932804794358,-0.0011976127116436167,0.005484233232744428,0.01174371631858649,4.724637218432404e-05,0.0005212510041229792,0.0,3
node_286,6,1421.473468213886,0,0.00782351509450498,0.024624492417154732,0.0059167671838422685,0.0016879380246657856,-0.0016823391586960159,0.039736256601917735,-0.03038223890976257,-0.019138826810443557,0.0005273762863903503,0.0,3
node_287,22,1722.3126003815494,0,-0.00110655034982042,-0.013315692288427845,-0.006632736763285328,0.010204701832520235,-0.0011108856047581082,0.016281683021457556,-0.0061192823417143775,-0.005835581939587749,0.001115085736971343,0.0,8
node_288,11,3455.956235922117,0,-0.003934575770144464,-0.004163920129802631,0.006527482423284894,-0.0030113369113557377,-0.0021300500811624224,-0.0018832900867199107,-0.008878606520933944,-0.002777350860500778,0.0012145147546581323,0.0,9
node_289,48,1648.8017267398234,0,-0.0061577855911126135,-0.001095320835803565,-0.007329112338853857,0.0005749132327430011,0.005950570441316344,0.015273225589650585,-0.00642838121499548,0.008936243524197838,0.0007355039630440488,0.0,5
node_290,16,805.8624940217685,0,0.005798908983495481,0.003946981553021959,-0.02523636662094349,-0.011754104749179069,-0.005636477990124305,-0.014387557643148289,0.026518626491359373,0.006989035174404549,0.0005399192928150574,0.0,3
node_291,33,1034.146762383948,0,-0.01368366154835841,0.029441654104434722,0.07227182914052176,0.01126089950351183,-0.0066964327893044686,-0.01077668408412145,0.04928874257536344,-0.03837418628207964,0.0006777007560347487,0.0,4
node_292,9,1056.4584115455048,1,0.017207697170034605,0.005409163956309201,-0.0029530633486470146,-0.009376672617407766,0.020694326382979623,-0.03847217008401831,0.005040726228252742,0.0032309165150491725,0.0011799095658386733,0.03571428571428571,8
node_293,59,1259.54866417538,0,-0.00015641361126160163,0.002438784952201413,0.010518642246210286,-0.00616953071118615,0.0012352860816072636,-0.008074768192140532,0.002486132439951761,0.00968737998005377,0.0013147771438448558,0.022222222222222223,10
node_294,6,1334.7518413359355,0,0.0014540489731200864,-0.008055616485189645,0.02405339719682472,0.00448833464428803,0.003909073989122999,0.011386114713961828,-0.014625510175529665,0.010292887949887888,0.00039266207241307657,0.0,2
node_295,16,2912.522924455934,0,0.0005674944701256682,0.013209968382886883,0.002957364777956148,0.0006584059930393731,-0.004493053701114544,0.0042891935086000225,0.01651771259337329,0.004418944024066291,0.0011255760433564646,0.0,8
node_296,29,1144.7604231887613,0,-0.01433694674478564,-0.010925880630837253,0.010073246490321394,-0.0018404004748897725,0.0043460064062366514,0.0065383713369972975,-0.003141990442878957,-0.003699230725705088,0.0008657932441432491,0.0,6
node_297,3,1447.3214785427049,0,0.01289264235619269,0.0029591068003661297,0.008261120509902777,-0.008169597587956597,0.011746792746568726,0.004023873988302722,0.01384641306603923,-0.02145240635715097,0.0008627391549417512,0.0,6
node_298,20,1971.147830796983,0,-0.002402198295357593,0.00022464058707895516,0.006984322424645469,0.00039873962993593637,-0.0016774773593595188,-0.014916047218009586,-0.016917918881600515,0.005830696877685301,0.0010022993557351853,0.0,7
node_299,59,1211.562026461091,0,-0.000968802710680624,-0.006053482323458641,-0.020046383901665563,-0.01292000338984248,-7.977718535741534e-05,0.014850264432232963,0.008978996897175287,0.008209067299832588,0.0008606728456252144,0.06666666666666667,6
node_300,36,3217.0081682158534,1,-0.00568586312074386,0.0054516488856853175,0.007562724813602771,-0.0017638280024057957,-0.005436856674613276,0.006107121110085436,0.014261641342627219,0.005898822243328213,0.0007587137479915565,0.0,5
node_301,19,1828.1099074221963,0,-0.0025075505731471043,0.009412390889622108,-0.00885351809187442,-0.002173089113738293,0.003713725127694935,-0.002576494738318331,0.0068229873107459645,0.013248761111762843,0.0009471862397887369,0.0,7
node_302,26,1022.3049927605248,0,0.010783192918246531,-0.011970677674197011,0.0043906291125722875,0.004072716222121113,0.01469009463483523,0.011225593549987416,-0.01054323459360821,0.005354323012192048,0.0008854072228759325,0.0,6
node_303,3,2377.9557227904024,0,0.008542625958026951,-0.005659231079065373,0.0073504077057520165,-0.006602068892004908,0.00215242942087099,0.003319818253376497,0.011882696534973767,-0.01547615680712121,0.001342789498010867,0.0,10
node_304,19,1625.0453559899304,0,0.0027519368887834665,-0.02235247900855281,-0.00790691096497765,0.010962340312961921,0.013001980795094143,-0.010960515954963338,0.03015718579742455,0.0210778844077664,0.00039962650206646055,0.0,2
node_305,20,1646.8226466957742,0,0.003404917685579567,-0.006916883500647187,-0.0008973653355025747,-0.004112567399765874,-0.004859544752391707,0.00889242153240485,0.002701817102730764,0.008846326165793538,0.0010933477439388044,0.0,8
node_306,32,1484.0313013549512,0,0.005625334355093365,0.0073960856191670424,0.003555341689627805,0.005083564310694672,-0.005572046781969777,-0.0024313837314444094,-0.014130836970193952,-0.004284436565314614,0.0013158508887648925,0.0,10
node_307,7,1530.783296414573,0,-0.007462115172271641,-0.006966304076355167,0.0018772338671337583,-0.0014816963641677663,-0.007904845780952265,-0.004904635567793989,-0.009365395163584036,-0.01406932448586095,0.0007361009945901983,0.1,5
node_308,52,2674.530507362559,0,-0.006176676643632228,0.005778397794575439,0.007815041260812818,-0.01186664588254894,-0.012538859554338925,-0.008984342565450849,-0.005234936548398332,-0.0022806887557680683,0.000852413690824943,0.0,6
node_309,41,663.0181546868746,0,-0.004821239396217135,0.001917084020912803,-0.009922314008427439,-0.003286222208908125,0.0005441253810417853,-0.0004274454199145701,-0.00950811160759584,-0.019663358572011676,0.0009686053622311947,0.0,7
node_310,33,1110.515777908669,0,0.009710948657847423,-0.002211570103110887,0.011969760001756757,-0.0008347395025238472,-0.04090281516162782,-0.015761951154707143,-0.010563907555581764,0.0009592027513631798,0.001254668532295987,0.0,9
node_311,40,617.7588000096275,0,0.044538191016137006,0.005722595478962492,0.023383353888778356,-0.015331455544359742,0.029778674776969605,0.02941781890388828,0.0005140002751377193,-0.011732527420707031,0.0005183126993507448,0.0,3
node_312,39,2599.046426999125,0,-0.015290174414662778,-0.007305698599467692,-0.003691522955116482,-0.016615541211790492,0.00010902385396968371,0.0076397178074122,-0.014564801298578114,0.0035237665986665215,0.0009919415114212037,0.0,7
node_313,18,976.8034285630544,1,0.02166783706452161,-0.01571484542894431,0.002256640566613097,-0.020613324175776878,0.006493279943901024,9.850999356064869e-05,0.013668566168515453,-0.00337668864716313,0.0007781195272743306,0.0,5
node_314,40,3915.8206732627687,0,0.0033532270186981414,-0.005144400567940919,-0.006042198604629048,0.006653478148377396,0.0037836102175974324,-0.003566925162806602,0.003609511504897765,-0.01631042606398508,0.000640856980645648,0.0,4
node_315,1,1621.6536445549575,0,-0.0033559068028476448,-0.010224452750734327,-0.0005090265846500786,0.0022605491710413657,-0.01234349604653238,-0.005064208906000215,0.01819127057307359,0.0019402510256822676,0.0004914684291484287,0.0,3
node_316,11,2919.7907216634685,0,0.017255714030061202,0.004459713027470717,0.006379017925415519,-0.010714728698684584,0.007490829142778867,0.016386001544825793,0.009032572980557721,-0.016142251316991745,0.0011284456987971422,0.0,8
node_317,28,6289.959783550553,0,0.00036675848986355176,-0.014842848801604866,-0.011338420551134912,-0.016635399200645752,0.0007973655764266562,0.0033137336325113464,-0.0005588084156024261,-0.009630291988589104,0.0013867185718234325,0.0,10
node_318,57,3246.8940579442656,0,-0.018039590543037876,0.005449219047460918,0.005581047639697148,-0.0033382517108769692,0.00627184298386777,0.008640300797470472,0.0032729356108114616,0.005935407517462103,0.0006506070639758672,0.0,4
node_319,25,3526.0388519815565,0,-0.006798975138094555,-0.0304077225311252,0.00047487284339253435,-0.0004416507249716792,0.0034796988051930583,0.0029373635745658837,-0.05223290482430665,0.004062681045033377,0.0008052228344781656,0.0,5
node_320,50,1286.3336812685056,0,0.0025336674806245543,-0.009355780970120135,0.012148361361555941,0.02911188120149737,-0.00036374440721432025,0.007091206911434788,-0.014074685966201378,0.0038527745027729667,0.0009004388099719566,0.0,6
node_321,23,1703.5145467794634,0,0.0038564246119069893,0.013878182345503785,-0.0040343364673419355,-0.0033182339829628343,0.017856460412756733,-0.030407541458023404,-0.030477789602349138,0.02568927232913477,0.0006445202485604268,0.0,4
node_322,31,939.320467964173,0,0.008507052108283427,0.03171111556807684,-0.007788078697065386,0.0010439720897108423,0.002245088681354811,-0.019721191360690563,-0.027913756665720737,-0.010061758777963288,0.00103387449765507,0.0,7
node_323,30,827.4450364382208,0,-0.00474805887747913,-0.0016293671860754943,-0.013198398123127134,0.006713392106591892,-0.004616712858993953,-0.004482126249394498,0.0002980272318299042,-0.0045503638835704295,0.0010141616790717476,0.0,7
node_324,42,1556.3360922899917,0,0.010764830911479041,-0.011145284647268173,-0.015758736583333387,0.01579632321266829,0.008265675919437575,-0.007449651106824462,0.018303336412807323,0.0027775745527777148,0.001351160551488713,0.044444444444444446,10
node_325,35,1855.9837350815503,0,0.027767191827070898,0.0023716845021510852,0.005934219355011845,-0.003533042705774385,-0.01359583887515485,-0.031806802028871727,0.021190571100686978,0.004092341053969239,0.0007805167836655831,0.0,5
node_326,7,1121.6178203414338,0,-0.000401769798887774,-0.009628036478726894,-0.012134788223730592,-0.010896686891453358,0.02092204688043519,-0.0155019859029816,0.006112072298688454,-0.01816992841867622,0.0016268863414285809,0.015151515151515152,12
node_327,16,1764.0151433630003,0,0.010624396869898795,-0.025485340961257662,0.014618854742608423,0.002161942771594688,-0.015552834027029614,-0.007906638477668287,-0.0042386230561918615,0.01008712934762605,0.0010694567504099348,0.0,7
node_328,26,3776.676278706008,0,-0.008823745110806688,-0.007881697674924117,0.009054481803709848,0.0127815780041543,-0.02424429322370558,-0.0010213786458871338,-0.008718541744782945,0.005813738845654165,0.000739153207231786,0.0,5
node_329,48,1720.3358443382697,0,-0.0032126583952873005,0.002787923087716869,-0.0049236748037003834,-0.001148560799376453,-0.005464293207871156,-0.002928029571571005,0.009893933425020892,-0.005064058413914456,0.0016102937965088888,0.0,12
node_330,57,2413.810723625484,0,-0.0022781559575683575,-0.00894368221384023,0.00210613735132472,-0.004365706126545805,-0.000600619769493887,0.007615407750004409,0.0006355455605980273,-0.002956674249605673,0.0014383961737589172,0.01818181818181818,11
node_331,52,2954.5583652621726,0,0.014084844368162649,-0.004375986452834974,-0.018118043744282355,-0.02073244323538037,0.008475868638003134,-0.019062362733270655,0.022229072144443703,-0.010411082290219172,0.001049848984279105,0.0,7
node_332,49,7228.254317424105,0,-0.0013274042365057045,-0.010715002399971897,-0.0056747805640828975,0.0004711860079356784,0.0029006065767385215,0.0038331802174295126,-0.001468339110850939,-0.008439100802451586,0.0013578567284051849,0.0,10
node_333,2,1886.4745349897528,0,-0.013419412704911753,0.017606871984718178,0.04760356694196997,-0.007111959096993844,0.004242984295633946,-0.008214775245086552,0.013885151655451134,-0.02733870888909413,0.0010339533706432238,0.0,7
node_334,1,2966.4334416464226,0,-0.023039692160991117,-0.03216283251745642,0.003373910867439075,-0.011203830829999806,-0.011828952950995442,-0.012109875624041986,-0.0046566044101919585,-0.022252982967527094,0.001003163237880836,0.0,6
node_335,48,5431.10618408051,0,0.003335021959003754,-0.004028531116491443,-0.00968586526057862,0.005449986698720472,-0.007245629688693445,-0.0010064268222395054,-0.005578004416231241,-0.009275578908306104,0.0014516233925837957,0.0,11
node_336,12,4834.620520220788,0,-0.005557281012424493,-0.005564717498334925,-0.0016489960968941956,-0.01221724829127076,-0.012490399618895188,0.0019750452344702183,0.0070941526895322475,-0.010612565825678507,0.0009870239359114803,0.0,7
node_337,5,728.1224679951792,0,-0.0028450811781981786,-0.004754683522677494,0.003136670978078216,-0.009567054679170486,-0.0011431920762620482,0.00418473650013461,-0.007073833757670227,0.005802430087771121,0.0008930909758462972,0.0,6
node_338,37,1282.3049441790172,0,0.0013202859043025118,0.0122653622308119,-0.0045811840297362,0.008019165815161797,0.001400474445668794,0.008902421992011512,-0.004031276775149939,0.007742728458139484,0.0010152369284015883,0.0,7
node_339,32,1087.321250813779,0,-0.0099724300101383,-0.002037856874848633,0.007570614326427426,-0.006751532068689165,-0.014946064410840128,-0.006620528213034913,-0.012560928590010019,-0.0010673851153811071,0.001092455152630732,0.0,8
node_340,59,636.4059070486443,0,-0.003042333709875838,-0.0020352789400196704,0.0035692665329238272,0.0032103829190145367,0.008537801165106067,0.008066485020939408,-0.006454748357255073,-0.01916433786611065,0.0007869274152122626,0.0,5
node_341,55,2004.57456298757,0,0.00218275807525876,0.0010026085659476927,-0.015495984758959509,0.02355007899475515,-0.02074998315950959,0.003906093592835025,-0.011418588986666615,-0.004952315217007851,0.00113124632537315,0.0,8
node_342,9,2497.16739116356,0,-0.006781461763798609,0.003053461380069557,-0.0014852245054835852,-0.014582675830052932,0.007935758261618263,0.0016221837236434034,-0.0038123845718212295,-0.0012369457778508505,0.001729624352431335,0.01282051282051282,13
node_343,41,3327.0767701549794,0,-0.002714649938280083,0.014932140063342236,0.01662437767602894,0.009607704287693872,0.008968341113780455,0.008749112024642819,-0.015219706166696852,-0.02666245745699479,0.000882671544896511,0.0,6
node_344,35,696.4908758175421,0,0.000998401883876954,-0.007140588688685389,0.0006270013292670244,0.0029151653517021803,-0.006319524775808571,0.007093642942497795,-0.009256607006343162,-0.010641281946023217,0.0008540997831020176,0.0,6
node_345,19,3636.5920977328656,0,0.010800540412285634,0.02047630582971296,0.004123869116961335,-0.013815269458291745,-0.024124315861967217,-0.01363029114608799,-0.020349078409110034,0.02099169335881997,0.0005389024837033139,0.0,3
node_346,48,2044.716520481749,0,-0.0019778837739549684,-0.009491996385531859,0.0037224191248262603,0.012291901737831434,-0.024118058796784875,-0.008801327127073419,-0.0036591809581411217,-0.005027434783921742,0.0005101806659983707,0.0,3
node_347,16,2325.8207979953977,0,-0.00011043421039379368,-0.002982174355598088,0.027208923181306664,-0.009074925564454774,-0.004673642680782592,-0.01665732827096069,0.0054437272616012665,-0.011198762038895551,0.0006369926607754587,0.0,4
node_348,3,4122.354693246081,0,0.009387949821237878,0.004736938105546735,-0.02303838246829818,-0.000683841360984814,-0.008886279064533147,0.00795516549331275,-7.959372274666934e-05,-0.0014039954459530008,0.0004891147162146999,0.0,3
node_349,20,1970.2892675164003,0,0.00716746634693377,-0.005440332496687596,-0.016395008948182438,-0.001254192650360299,-0.006988118265523573,0.0068338300802779535,-0.0001589344527562638,0.00319156932837452,0.0008623721348688445,0.0,6
node_350,24,1113.9066913171505,0,-0.009141764285989583,-0.006133061452251049,0.0026127478170681526,0.004614306391514578,-0.009696110310279973,0.0007077063026878233,0.00035836971257884655,-0.0008594142842681009,0.0008665962373030469,0.0,6
node_351,54,3115.37422344943,0,0.013242592568635178,0.010461699613482556,-0.023257334432316,5.478831126783307e-05,-0.015782799629096303,0.016742539045721535,0.02439553007325681,0.016994801449861513,0.0008952644439001272,0.0,6
node_352,56,1176.6178737663486,0,-0.0032628975106480254,-0.01182539006968374,-0.021057030396237676,-0.0019118101156693093,0.007405062577979373,0.021912304119934726,0.007147010454850051,-0.0005969912196019027,0.0011535462644545614,0.0,8
node_353,33,552.2414183310822,0,0.029734456967948922,0.04250572122118621,0.04134734654556146,0.022754627520573254,-0.027821447613694702,0.01837200753954675,-0.017805325606961686,-0.01097607840440886,0.0008447896223209091,0.0,5
node_354,24,3163.7214665413326,0,0.0012510731979722633,0.0003650296937680719,-0.002563554776764055,0.006965490933811331,0.004491396515995496,-0.0072865086641705455,0.003672478128685191,0.004079189506252445,0.0013387268439435656,0.0,10
node_355,52,1135.1201560197128,0,-0.01194610177218541,-0.009526135709298294,-0.0003938650607279382,0.015987144222867875,-0.01091611044511465,-0.0031045459923632153,0.016335222368995084,0.010951178533166333,0.0009853561613906413,0.0,7
node_356,11,2729.732524118056,0,-0.014009897480356007,0.002420827899431416,0.01863673997388578,0.009337410068252784,-0.012466715677193863,-0.00717914479247251,0.022137721068697755,-0.017707564448472858,0.0007660805602338369,0.0,5
node_357,49,1175.9084366759955,0,-0.004539661095106809,0.02105533039436739,0.011025843492746172,0.0002683995163009984,0.004029357354685709,-0.010613969391511338,-0.025870796573578814,-0.007737079202654422,0.0005474020616073479,0.0,3
node_358,8,3460.6562269392525,0,0.00641195048464026,0.013605300758570651,0.003490141564867343,0.026023083299439132,0.003385074512379891,0.012215087224087848,-0.01381588102349884,0.009671229254966785,0.0009899256785946828,0.0,7
node_359,36,871.7510362502733,0,-0.0028831418625385056,-0.01690323253157817,-0.00018746088397962637,0.005775865578857409,-0.00017221112915740634,0.004750988168393111,-0.009433869635996872,-0.002672705286116032,0.0008628915072856293,0.0,6
node_360,38,6006.398125931095,0,-0.005463275124974103,-0.009495136069764251,-0.002101730778883788,-0.015134856136073283,0.005162858921590633,-0.0024229263642580393,-0.016413405838957524,0.004813445777993883,0.0006510028439134594,0.0,4
node_361,40,2769.5477826301326,0,-0.02108525479249131,-0.0024003246632738175,0.010535523703319404,-0.010923949402947492,0.01916470821070674,0.003733859510657636,-0.008613915039796942,0.00352314067404158,0.0007704035553211808,0.0,5
node_362,20,681.9603557806419,0,0.00524132178299018,-0.00867912402699795,-0.01543093619177018,-0.010414583363322825,0.011597531690228481,-0.015157630588581892,0.01565645636981594,-0.004182790417895461,0.0008591155767988207,0.0,6
node_363,35,1751.2942651351125,0,0.005216293717893374,-0.00396734271169304,-0.013863794660028437,0.010448366994438825,-0.005139252615388639,-0.0033144063642189013,0.002660526561982823,0.008933966626980068,0.0013346598944323578,0.022222222222222223,10
node_364,48,6836.746047934308,0,0.023970436630688173,-0.004839563332537027,-0.01208122486722793,0.004823653288864197,-0.01983397032131164,-0.009676994648721982,0.01266089987903085,-0.011978084520872819,0.000904518633556065,0.0,6
node_365,25,1455.3358758181284,0,0.0004906184105493533,-0.022827745644494482,0.019707612493987683,-0.013047172734527641,-0.013566842679031152,-0.0010307234844829957,0.01271567136885942,-0.007712643198643768,0.00103549274971385,0.0,7
node_366,35,801.5358912681061,0,-0.004644804042341394,-0.0020679213810323362,0.0003031210210632638,-0.016140839234954504,0.003028924517008339,0.01107820865042235,-4.654503784318088e-05,-0.0033968720634773328,0.0011150206299429606,0.0,8
node_367,25,1494.7371737700555,0,0.005814591481772996,0.004823172082775741,-0.0004484499759337061,-0.013079037502151442,-0.004479511669812415,-0.011103160417612971,-0.001037780042354518,0.0176427983591227,0.001358769233475699,0.0,10
node_368,29,1577.5671988803972,0,-0.025936136761640683,0.009182691794190241,0.024413416162822853,-0.009243700527828934,-0.008591124961729176,0.010514292403025498,0.012784705740176289,-0.002062012047920617,0.0008024801197090933,0.0,5
node_369,18,2530.374552749122,0,0.006868283149227389,-0.007568939087543904,-0.004653705074395772,-0.01576654918498528,-0.0081517751567316,0.003613921708116042,-0.006577306166843296,0.008253913892946172,0.0007493949102746695,0.0,5
node_370,46,2300.19954436291,0,0.015099526653231188,-0.001828256000101763,0.009048136861256873,-0.0068031406519904,0.011274649992570959,-0.018215337401834383,0.0038594165432441676,0.0040486288466061735,0.001336079296406135,0.022222222222222223,10
node_371,18,1272.6271304872116,0,0.0053297933314998625,0.00472615707692227,-0.010601577471943763,-0.011370269032520882,-0.0045133581610949745,0.02249729460268159,-0.02367407054736356,-0.005182536699874107,0.000867432576882488,0.0,6
node_372,2,868.8951321478812,0,0.0015387254878925663,-0.014613375639984043,0.001975445204090418,0.004370473658203134,0.009704043675464463,-0.003242231965040095,-4.5843741074866696e-05,4.915459977569084e-05,0.0012195876467072772,0.0,9
node_373,54,2053.685129622131,0,-0.004597578095334434,-0.01538048261704497,-0.003915321876550994,-8.368741718931917e-05,0.007014590045591093,0.011205918597623342,-0.002469684750198896,0.0023680305787329107,0.00072939480507181,0.0,5
node_374,35,1321.5039762431147,0,-0.01172436583301677,-0.015629243198272906,-0.0017777525313791378,0.011166674949970647,0.0142277380036553,-0.001466935704426976,0.015363344997754347,0.02586381164057288,0.0013875227080249715,0.0,10
node_375,16,712.8227458179299,0,-0.002564791029762236,-0.010066701092122586,-0.011333961271668195,-0.0048376492516499,0.01418056951885418,0.006921766569495084,-0.0026693748012223267,0.004834572297972328,0.0009744575009444107,0.047619047619047616,7
node_376,41,3962.4868168164144,0,-0.016742806568507743,0.009081745366691285,0.0031634444844711907,-0.0010237733446346684,0.007784142181746118,0.0035369095987833926,0.008989626948439427,0.017333954867501982,0.0009009291513802193,0.0,6
node_377,36,2262.6983686270896,0,-0.014262425781366368,0.008283050758238052,0.012575084926357054,-0.00958797940022023,0.011448837738398257,0.008745339475988509,-0.007725632133473443,0.002794893180108275,0.0012457186836003738,0.0,9
node_378,33,2224.150493225634,0,0.005201045389288235,0.0006853354975601315,-0.021003853025741374,-0.0019331228129916083,-0.008283126553161888,0.004051841563419416,0.012376833934856446,-0.0008487674285739703,0.0010988360423366764,0.0,8
node_379,4,3093.8859831447494,0,0.005228272699592566,-0.011248606376006349,-0.004008630349410967,0.015511938628337467,-0.0160181699910356,-0.020671784659048887,-0.002154770278416332,-0.024183067499112847,0.0007462565722730667,0.1,5
node_380,33,1631.454515876792,0,-0.007571554254646432,0.002236986769679426,0.004643292886677633,-0.006948788332104747,-0.01603844974587011,-0.009331193522016794,-0.014378351248239404,0.013944884824462359,0.001498330868186495,0.01818181818181818,11
node_381,14,3031.540557158304,0,0.004967812551787301,-0.004609497887678088,-0.006966412238877361,-0.006440505563245664,0.015682696365076885,-0.024484025683262852,0.0056695489079248325,0.01473576811218599,0.0015840853891589954,0.015151515151515152,12
node_382,21,1534.003939280375,0,0.00728835443727243,0.006866353616672885,-0.015042831845932548,-0.004027704079439455,-0.015087262888264208,-0.0033512060814021613,-0.0071237600279524665,-0.004447922336453306,0.0011371105015424543,0.0,8
node_383,48,604.3071371458955,0,0.01113386166273603,0.025430748822122488,0.00047575303538439597,0.0010963093907947622,0.0032580810672177742,0.002279368301457781,0.0016811843919063464,0.0029708330111688722,0.0012312705982839155,0.027777777777777776,9
node_384,20,1279.4163725819894,0,0.019472105779101388,-0.024055053215608024,-0.012369095255666452,0.006358224442888919,0.01621438028609061,-0.01398672415888568,0.015767154725745677,-0.0014434822065021414,0.0006381709893445615,0.0,4
node_385,56,1532.1346681439104,1,-0.002116483504092448,-0.004606272971521435,-0.012483660036225206,-0.013194597579323512,-0.009425696388893645,0.003236677757987513,-0.012279858831480908,-0.018008110254690794,0.0007449488243817983,0.0,5
node_386,8,2410.534165248753,0,-0.00811307653296007,0.0008919322467470793,0.006387752577879501,-0.018858138849429013,0.014175828995386067,0.008289204042664125,-0.009147257873003353,-0.01828956867094016,0.0012501676773775602,0.0,9
node_387,7,669.0455938501482,0,-0.004163029200460936,0.03272779288867309,-0.015488518684876757,0.02469565918613814,0.03833957119210697,-0.03686082229267665,0.002958856070114992,-0.013204699553834414,0.0007753388133889202,0.0,5
node_388,3,726.2666698232713,0,-0.014860195801290738,0.001589952368560518,0.0007418116275508961,-0.01160403718053927,-0.005090378732720842,-0.0045069341768194555,0.0061601357906893835,0.0035343410286569456,0.0010897968197875357,0.0,8
node_389,17,959.143454789315,0,-0.004128900551073148,-0.011793820787732093,0.01236968083906233,0.0005115678137357285,0.010611572387685949,0.011318779061229585,0.009133183932502792,0.012171423133485943,0.0010954774891286955,0.0,8
node_390,33,964.888236562131,0,0.0060798461338076966,-0.01603085749539328,-0.018069788992932354,0.010512361977368389,-0.018325317375782472,-0.007172038389507311,-0.006452571526644594,-0.009542277354651702,0.000862694384725959,0.06666666666666667,6
node_391,48,2476.185892017833,0,-0.009223724584358974,-0.0063006189728741615,0.002261562726222015,0.023790598775533134,0.023576326356090853,0.015344636121616096,-0.012985510757521069,-0.025082517668375895,0.0006797866276356699,0.0,4
node_392,12,932.9851420833234,0,0.023579279492255825,0.025668718267025693,0.04116598140090465,0.026230647246113924,-0.01948775383614039,0.0157282469332735,-0.0059962430191569495,-0.02546781098400175,0.0008258534747818405,0.0,5
node_393,59,2003.9910038620897,0,0.005994002463589704,0.019436679746741556,-0.01796005313570262,0.002303219905607771,0.006312849422356237,-0.012318034783190294,0.0018560947964568735,-0.00790853429659509,0.0009022099591683014,0.0,6
node_394,51,1522.6399430093848,0,0.018780881146893937,-0.006635120812893741,0.005960622651391703,-0.00821484401738587,-0.005683768642074154,-0.03135371980502626,0.01776974142356479,-0.0012984266436469264,0.0006288464805242732,0.0,4
node_395,22,1777.4913706433747,0,-0.00159448703038184,-0.009380727689643237,-0.01140039432985795,0.01002032245820003,-0.009515423004487352,-0.00410673896482116,0.007857866151696487,0.005230950762786128,0.0014437943124556952,0.01818181818181818,11
node_396,55,3231.229142531579,0,0.0006937421749637335,0.003580576149714691,-0.011161046754074005,-0.006889541176003462,0.02336172868824352,0.0017422948478133381,0.026086898806069406,-0.020323083226684285,0.0004076951283743303,0.0,2
node_397,22,1277.2323802107894,0,-0.00858187839579796,0.0022247630412782077,0.01828006774970026,-0.014769563217346704,-0.012214339239194542,-0.009904581347779395,0.002773860813928955,0.009210675010981951,0.0006220677039917913,0.0,4
node_398,46,2710.469525860447,0,-0.005560401213622446,0.029339536339897453,0.005717113421676326,-0.00019322641545596844,0.012754196087596533,-0.0002545270341137782,-0.000147765265585657,0.030099620083796595,0.0002716228027299752,0.0,1
node_399,30,1322.3656985326847,0,-0.005166679839062659,-0.004940084696605707,0.029231757653194523,-0.010933482133586978,-0.01206487308592387,-0.005828269721403204,0.021832545359224038,-0.01764948989560166,0.0007444682277482453,0.0,5
node_400,38,1155.1350312927125,0,0.0013078000304995027,-0.008872579141304694,-0.004039052399467623,-0.005027138384975547,-0.004210196433194663,-0.00496144024585735,0.0006277718775333504,0.0002426953308679674,0.0011877982423770866,0.0,9
node_401,38,5277.69660583112,0,0.0006672588413833008,-0.021927664828133943,0.003035579156504538,0.010355795692138525,-0.0020682434177292635,0.009376339339209084,-0.00041685828896876633,-0.004359146583287449,0.0013435975495911926,0.0,10
node_402,45,805.6933805257713,0,-0.0039040749394190087,-0.01578712219234624,-0.012754148737854442,0.006506413908056,-0.0015384586515043467,-0.008391803017936024,0.006804641549096235,-0.007656426253689649,0.0012298313245247714,0.027777777777777776,9
node_403,51,642.021551589769,0,0.008048978055253732,-0.011518328283085402,0.00037543815998205356,-0.005516797254169954,0.02286860279504074,-0.0003293255636369396,0.000277291106307393,0.002739410994893685,0.0008812722813774465,0.06666666666666667,6
node_404,54,2710.957725159136,1,-0.009316361051505835,-0.020071273708301987,0.006699069573655694,0.00038885936697818495,0.012543143491047808,0.00600224617404059,0.0016657300204621162,-0.029969768474708964,0.0014121625386990728,0.0,10
node_405,8,606.0356365914732,0,0.012699802710865859,0.03686126962364521,-0.003002298824705203,-0.01819767195987687,0.025268773377759686,0.049145715730719776,0.00034589906794952783,-0.027423234936527388,0.00040852675997495123,0.0,2
node_406,27,3221.734701761969,0,0.009861396229171055,-0.021792000341998376,-0.01627134310143971,0.01172805323916262,0.0072386382643259035,0.003954529048097238,-0.0007452964554901482,-0.02124867700792304,0.0007454956862316495,0.0,5
node_407,27,1362.228830388935,1,-0.01526473842832362,-0.015002943878739544,-0.0059528328780417816,0.0032770012932062977,-0.0014472184314908705,0.006460868372622823,0.01588468347773886,0.0006676534191618005,0.00039603783345020215,0.0,2
node_408,34,4206.748428744133,0,-7.741296022482807e-05,-0.008947813831326328,-0.011450403645263764,-0.00330567507868888,-0.0028586891671172434,0.011654893837408841,0.009625939603263254,-0.00396379678323488,0.0009675453055496682,0.0,7
node_409,21,2417.682829749416,0,0.014161433108809589,-0.01619427430557825,-0.0045056295262100475,6.158811118973946e-05,0.009638105800602323,-0.013049015490632499,-0.004548708921886341,0.002891541530307637,0.0012368557875753223,0.0,9
node_410,30,1913.970029388054,1,-0.0029330407221649364,-0.0009754900350531033,-0.0013336094109659006,0.0012178288261667284,0.008352902049517968,0.0022822317145146107,0.007563716696049099,0.011726717881867018,0.0007353265077693005,0.0,5
node_411,33,4972.945162442223,0,0.006654124650359277,-0.019065715625228977,-0.007882977818561034,0.018885815790077757,0.017613063425029586,-0.013908793673196342,0.016679242551336397,0.01638080810810969,0.001466777511786277,0.07272727272727272,11
node_412,28,1257.8851705272957,0,-0.009284033575398726,-0.01439555441735303,-0.003237665606645315,0.024560540606297195,-0.0034732829513985123,-0.006511081634057459,-0.008064911304628471,0.010027114070544626,0.0008856794574275953,0.0,6
node_413,47,5121.508393143274,0,-0.007723519595891819,0.035190291841608254,0.0030029963067854963,-0.004675128364412638,0.0288367603720791,-0.02012104314296692,-0.011878072911052622,0.012904143072073701,0.0010013298355195743,0.09523809523809523,7
node_414,33,717.540873258306,0,-0.00434216631180503,-0.022638954051471247,0.01877719348171204,0.021434405108009334,0.006513363739404262,-0.012600785256629849,-0.021384991731638204,0.0286458349500175,0.0008699601991824658,0.06666666666666667,6
node_415,5,1491.760561254725,0,0.007213029992948777,0.006194834286874587,0.00013225130065248813,0.0021925571653303583,0.009207836735896252,-0.0030930787167290186,0.013346768006462603,-0.012469899364336142,0.0012367439263028658,0.0,9
node_416,48,971.8837086089064,0,-0.002107467761229398,-0.009529468802908373,0.001976184769737949,0.011339035814128326,0.010937513944469825,0.0017122007605378097,-0.01265038030945574,0.003669067207682639,0.00098994904948451,0.0,7
node_417,19,1664.2805943679848,0,0.007140829731906008,0.01593692189118736,0.005751672455339875,0.01923696613004469,-0.012592272623755963,0.025326349906443613,0.029362570144755493,0.025405770900005998,0.0008961259116343958,0.06666666666666667,6
node_418,4,765.1306090504985,0,0.005588664123828983,-0.006034061449560707,-0.015306695701390661,-0.0014926588416274591,-0.008265920454341316,-0.009658052753026187,0.013809797401937619,-0.02208281970228948,0.0007508393881401352,0.0,5
node_419,35,3263.281751704544,0,-0.015165759672104465,0.0022272450080882363,0.010123804879683947,-0.009687661958335538,0.010007269728991637,0.008665156684754783,-0.00646632666571582,-0.00700684117789163,0.0013744161755518888,0.0,10
node_420,49,3310.181842823972,0,0.0026417550740326255,-0.0027597002782017563,0.0005343666662654177,0.002277407710572557,0.004027189295021387,0.0012426069016640189,-0.0016596768892533286,0.0029533859217894414,0.0013582634514857283,0.0,10
node_421,17,5159.537030149019,0,0.006165687484647423,0.0034640387564520447,-0.0010796377943419501,-0.01671335429016104,-0.0027184395930010237,-0.019022402676364535,-0.007877269815269676,0.012588232308233435,0.0009847281078287774,0.0,7
node_422,44,752.0460918835147,0,0.0008902156387491739,0.0017320425248251888,-0.004910481339109091,-0.0014008169957057486,0.006269586641298246,-0.012260548973123613,-0.012884820622279022,-0.015559100438520854,0.0008792857337813944,0.0,6
node_423,28,1964.5888680539456,0,0.002205324059622571,0.003994174397353135,-0.0065445697539719665,-0.014580127074903004,0.0017917814381536615,-0.019380765768933706,-0.000533235286074124,-0.010617165850142812,0.0003843148837054488,0.0,2
node_424,30,1464.3579879072586,0,-0.01785249806552397,0.01867355885953086,0.010784376070400049,0.01114309595040854,0.02250406560941386,-0.00637831712468501,0.014758580655159247,-0.006896404141333169,0.0011274809471680948,0.0,8
node_425,29,1133.269427865304,1,-0.01671260447331168,0.009855113471216316,-0.01049593950050268,0.0041719796451161455,0.015871325646869706,0.005648425359249995,0.00455607939300256,0.011222383956460266,0.000506488200165512,0.0,3
node_426,46,1149.7328096260717,0,-0.002113390931705467,-0.0021413727979484785,-0.0030988341494009707,-0.02084387917967236,0.0024692446735009093,-0.0013343237066330514,-0.013787988329082993,-0.0015787512409586042,0.0012295127954518631,0.0,9
node_427,53,1298.568227664529,0,0.0012486262438656075,-0.01408138961918771,0.0038967921289016104,-0.006743625959895374,-0.009081456079415379,-0.009373703213841247,0.007294920036553414,-0.01088130761073087,0.0014529754715227052,0.0,11
node_428,6,2330.7913708212645,0,-0.0028798260309437517,0.03143426888314815,-0.00040967330397477086,0.007927141775427806,0.03326716705652446,-0.026041268184116197,-0.005974654964294152,0.00712126410212596,0.0015004057121731904,0.03636363636363636,11
node_429,35,1868.0225470903456,0,0.030600722580867403,0.021392282901810056,0.041711566522772484,-0.04017734942666088,-0.05944394474410502,0.015978477137258803,-0.002393698361293009,0.008560684388312707,0.0002881193810311892,0.0,1
node_430,41,1423.3947831487842,0,0.006771937511300259,0.018045521641242276,0.007155930489024771,-0.013634746964503024,-0.007402743922619975,-0.014749991546779589,-0.018697893127824754,-0.004995257246966926,0.000754197419823347,0.0,5
node_431,37,618.4567148563843,0,0.0058446353994399255,0.009208068828048052,0.014424042183454186,-0.008373280028829602,-0.02425595310524903,-0.013266505479999727,-0.026818250029647297,-0.005554741953017372,0.0010003569320490133,0.0,7
node_432,24,621.4333704507956,0,-0.003689008126543356,0.013090821315025864,-0.012253398589321613,0.01757077591313971,-0.007994041316928206,0.013849359601623711,-0.004022653848540713,0.0046315979911675555,0.0011418126404882558,0.0,8
node_433,29,503.5131969127433,0,-0.00518177415351328,-0.018571391926104415,-0.0009993406596264319,0.029630555615126977,0.01021957079417674,0.0010178767725473887,-0.0031860205146978502,0.005499933421849969,0.0009139378817344169,0.0,6
node_434,49,5649.003661963742,0,0.0049081665385640495,-0.004603464478090114,-0.018207152351978475,-0.025490082211332473,0.009352914852448355,-0.02266587940928022,0.0058039120884821995,-0.018679890174408433,0.00064800901629537,0.0,4
node_435,46,507.90150259113176,0,-0.006617461665340567,0.0031415596578067656,-0.004148586688518016,-0.02758027303595728,0.004678012090407632,0.001416801152390308,-0.009035418804057463,0.010191316319399311,0.0007314489195188098,0.1,5
node_436,53,663.2058994867047,0,-0.004405512815752298,0.006408683218943945,-0.01737756337365341,0.0019141758929933626,0.004816398561457101,-0.0027843363965743607,-0.013605780651455046,-0.020076700450111055,0.0009851360080804564,0.0,7
node_437,31,1066.6214688982166,0,-0.007770920254461582,0.0014295841314899216,-0.012302803962883796,-0.005744387174912043,0.0037811296896814927,0.0071273008062431665,-0.010612791985564727,-0.0010807960288297094,0.001555998173617729,0.030303030303030304,12
node_438,35,2970.945293982051,0,0.0006872541454068532,-0.0003043351046238688,-0.006211046938858865,0.0025970211934835574,0.009694481591168447,-0.008484431199006768,0.02019663522174511,0.008966749831733796,0.001625388350578867,0.0,12
node_439,33,5409.158194281322,0,0.008091664751180993,0.014312215094067594,0.010359110109442547,0.020505019550108056,0.0031263905490952755,0.006838917141910412,-0.018154651768178154,0.014283564047318249,0.000749915135607285,0.0,5
node_440,52,2841.06847403694,0,-0.010770351236125674,-0.007325141270491497,-0.004865628997571331,-0.006159182534392291,-0.002226536461980438,0.0025955211305386658,0.007163158008381552,0.007012821139215728,0.0008787474131245285,0.0,6
node_441,21,2259.487726848665,0,0.007225192415279585,-0.003194157204978765,-0.014549127304562166,0.001906742440312946,-0.0038979591324581186,0.0014908275741253114,0.008465463509890627,0.005398641625582891,0.0015434254911021676,0.015151515151515152,12
node_442,32,1605.0238652083954,0,-0.0032537563726854836,0.018605799165225527,0.0013503494660759903,0.008977946809108012,0.022676093213686813,-0.0057365975635591026,-0.023132310078306437,-0.0006401697010549003,0.0012768525895320735,0.0,9
node_443,23,636.0448578912603,0,0.0095196470392973,-0.006953110297456363,-0.013008563304682854,-0.010414915831231601,0.01160942261882959,-0.010000020515996223,0.016269753288584245,-0.026605395942102848,0.001375975217301309,0.0,10
node_444,33,5261.240677231344,0,0.013770022532774264,-0.02041650097260446,0.002538315348039167,-0.001624248730149507,0.03342882665941315,-0.01087247807186003,0.00537259781469435,-0.0023924188636275765,0.0010241861258606546,0.047619047619047616,7
node_445,3,2630.6606212744578,0,-0.006157179790282161,-0.002136797579290559,-0.0009228184167543606,-0.00942840629971859,-0.016745998748718075,-0.010746920850453708,-0.01066662222651746,0.006956694459414118,0.001342177883919218,0.0,10
node_446,18,2028.1056854705232,1,0.008401392649635074,0.010415235634723161,-0.00698906180852126,-0.0007099830736734237,-0.008838316168785148,0.009256934589761043,0.003259716681113662,0.016313750383373914,0.0010991201449439597,0.0,8
node_447,25,2634.660639844405,0,0.007239545786722946,-0.0027001577950018884,-0.008985587861730817,0.015104985722781001,0.01239258385593316,0.0007381495273207373,-0.0022372143416584597,-0.013285390612613699,0.000639206730776318,0.0,4
node_448,42,2431.593297181436,0,-0.011080532155091012,-0.016144691269823378,-0.001252804046821566,0.016223588045473053,0.004131588595883775,-0.0009618362877661206,-0.01388118736602544,0.007553963964109432,0.0012417889999858597,0.0,9
node_449,31,2020.985913730223,0,0.012305692214848283,0.01569032266457589,-0.0036809633439240015,-0.004608946106118896,-0.0010437034739039389,-0.01123817342812616,0.003058525270999416,0.00648031807394953,0.0011461560011953587,0.0,8
node_450,54,6411.930590571997,0,-0.008872213380470414,-0.02011769936789981,-0.0005672103667242758,0.013819410378212696,0.014209084743486276,-0.010751640246257159,0.02727191282805166,0.01753212213238703,0.0009390913991473152,0.0,6
node_451,58,4005.2029962792544,0,-0.0002927637259680003,-0.007788614417885089,0.006739986504140221,0.018953840855685272,-0.01666386280349299,-0.01178098294255716,-0.014018415169731619,-0.00390000359335151,0.0009692969577624424,0.0,7
node_452,3,2060.5076519923164,0,0.01595496016523996,0.019293233475411193,0.04393315539763105,0.01921128257719087,-0.000708763700024291,0.00285620285423235,0.012123321964246552,-0.023957168164141087,0.0009168477392497737,0.0,6
node_453,40,2272.2176235146408,0,-0.00694893447789063,-0.008571310797515856,0.005095075458819745,0.01638702533528333,-0.00501705785738784,-0.009793149345601543,0.018358944421729556,0.010164935289331583,0.000991690700913864,0.0,7
node_454,46,579.4617549657169,0,-0.005690186165072548,-0.015124655752513613,0.003762246765143752,0.00015547742864518334,-0.00433500161936816,-0.002242074420830783,-0.0025415679608976633,0.0017813198059309352,0.0011076699081196994,0.0,8
node_455,24,2162.6188225537026,0,-0.00015990606255302282,-0.015341485166753814,0.0021001669455403566,0.0019928119082210675,0.006776861380650605,0.004032066574394616,-0.011459703230379845,0.000995192770565475,0.0008754183889471501,0.0,6
node_456,50,567.7556493559598,0,0.0148535155522155,0.012174888743087545,0.017878768636555006,0.01808408414190796,-0.007965219028418217,-0.0019455023554780058,-0.019482242275124167,0.01331541488122247,0.0008639924408879807,0.0,6
node_457,32,1831.058482189871,0,0.0014817284490840708,-0.002942534389607781,-0.014329087097344692,0.014066262518446754,-0.0013039140042215918,0.02223903263831382,-0.015859948784735074,-0.009892427691351692,0.0007379765726949097,0.0,5
node_458,47,11515.905032285164,0,0.0034698011758029206,0.0014467221412649762,-0.01579725739090312,-0.005595526092201821,-7.083867015152147e-06,-0.005623883429749504,-0.0008212079292215478,-0.007766684693389854,0.0008733911323183673,0.0,6
node_459,22,1717.2427760213577,0,0.009359256171169486,0.0009830887397489693,-0.001883970564202138,-0.005695598761129148,-0.003491537577688202,0.00842443257027812,-0.013920427379305867,-0.0060537158735619505,0.0011146181326041717,0.0,8
node_460,23,1461.4302739727684,0,0.02144969844542581,-0.010716033374443358,-0.016502071134411753,0.01660998330872531,-0.006448430034353017,-0.01973420500735165,0.023587725647577704,-0.010294642230255767,0.0005136061771188991,0.0,3
node_461,2,1062.81460641865,0,-0.001469554494946553,-0.022207827334247674,0.002786804635941331,0.01236332919290273,0.012342332999845393,0.01570527575981566,-0.00537110158932081,-0.014765533515790633,0.001121670999840384,0.0,8
node_462,27,692.6410811487318,0,-0.003646789445716639,-0.014073851240022138,-0.008163006330943206,-0.005580892423249948,-0.0026413182769613537,0.013445155687613564,0.0075313994197230205,0.015116725103001084,0.0006277614613298737,0.0,4
node_463,42,2469.697851857788,0,-5.649820247623557e-05,0.001699193626868119,0.0074207083777698335,0.008956643155039907,0.003857688133151429,-0.0006504020619773231,-0.009619178320504514,-0.010282419411999451,0.0023023084985926492,0.0,18
node_464,2,820.9022996513899,0,0.001589937206427975,-0.016675673371370357,0.002941621548683268,-0.030108441085907215,0.012009841140295437,0.010323903577160728,-0.02607822226259774,-0.0013095777599580326,0.0007885345933584587,0.0,5
node_465,26,683.7295292535438,0,-0.019358863463586763,-0.00015194860103456923,0.004259129348180203,-0.0013133572356930614,0.006601977549019467,0.005913138341841529,0.0020910084449160056,0.019695572750156987,0.0005054399578839281,0.0,3
node_466,17,1321.6563069332378,0,-0.0014665309773799506,-0.011691465610667537,-0.007882771969660687,0.01188751888142965,0.008235552451211938,-0.006773404500165484,0.004291945356522422,0.008279767336070831,0.0014477445899603758,0.0,11
node_467,40,2879.621290868833,0,0.05729108907651027,-0.011391540597222067,0.01972304859124704,0.0038123919769943297,0.03443774980761253,0.024534315226353874,0.01775345418338128,0.0079261950459038,0.0010897575785857204,0.0,7
node_468,33,2550.1173436245567,0,-0.005438457487640443,-0.001719005035099537,0.012736934422222176,-0.009009224954541355,-0.03334541823312147,-0.01833041512307832,-0.014422790246505482,0.005184457395476404,0.0004971525603128708,0.0,3
node_469,9,584.6692128461111,0,-0.005883978602401617,0.010065228519042223,0.014599927014405776,0.0025619647764668937,-0.017882799920222684,-0.02134216964086491,-0.015094185463277605,-0.013007829459593806,0.000678022329250844,0.0,4
node_470,43,1410.8497420202025,1,-0.0033079808515644026,0.007050510607293842,-0.01903678526007863,0.019229416733007456,0.005444334870378841,-0.0034360877948231266,-0.0026595263698343443,-0.00947965399493934,0.0016462533722528478,0.0,12
node_471,54,1608.5811724749783,0,0.007593439740497824,-0.016004386386460245,-0.015265666431864779,0.01305560595488102,-0.025143317928164096,-0.017626911841129734,0.0008949985770132861,-0.019324627559775376,0.0008820662453977069,0.0,6
node_472,48,2051.541895608107,0,0.03405855400158896,-0.024891647185547715,0.01381927236422574,0.030468169756045743,0.015291515618322865,-0.0031706016447068846,0.012458127455725984,0.01971357080978297,0.000644074969013242,0.0,4
node_473,39,2075.4505744543085,0,0.025018906948557344,-0.011302387561482535,0.00982689921569404,0.005926596614847429,0.01523657855021214,0.003309789688487842,-0.012559766004711903,0.005611609446461591,0.001505139672973819,0.0,11
node_474,29,1180.4804318017482,0,0.0011391789772805224,-0.001060071322467265,-0.013006653994884567,0.014174728487428253,-0.008541559386880157,-0.007124828792105635,0.0009562950157112475,0.012520031142829036,0.001004397945855522,0.0,7
node_475,42,1733.781222419931,0,-0.024501951078462383,-0.017658044887759933,0.01001298674728264,0.0009401078671457336,0.020585942856927185,-0.009095651540433422,-0.030463400288682538,0.03840630608455404,0.0008815603334465061,0.06666666666666667,6
node_476,55,1483.9559594289744,1,-0.015525722365237688,-0.000869433818561156,0.002949342807172719,-0.012033005258787489,0.0011233730321169061,-0.008749362646331957,-0.009228863344108171,0.0024670706366740395,0.0007358411766603644,0.0,5
node_477,26,3744.21328942865,1,0.01401498902028909,0.01135314829051941,-0.006133348560370494,0.0064896456303204985,-0.01039414041095238,0.024654124470842285,0.03308978355238452,0.022085809457175802,0.0010321944227443848,0.047619047619047616,7
node_478,35,1633.3802831573198,0,0.013909694437122002,0.009737626054408158,-0.024223540445349155,-0.0035528616411815953,-0.01280320228530321,-0.013845260464569185,-0.009525672058241489,0.004683538562940375,0.001042791993174652,0.0,7
node_479,50,1372.495012873118,0,-0.007454084859244676,-0.002648062262045169,0.003634920925719698,-0.003734730885098189,-0.0033319770057151023,0.003622141264770317,-0.016945001145749497,0.010135011673900221,0.0015796204175507844,0.015151515151515152,12
node_480,25,1277.4941850524845,0,0.020834288926044196,0.00195525225410605,-0.002918805377380996,-0.0014665957423544826,0.009680860320096027,0.0021423555093990744,0.020631803092738276,0.00044958384723185155,0.0009968767737353324,0.0,7
node_481,24,1774.4480316501597,0,0.005659250071299742,-0.023152042323285067,-0.017685056243791922,0.008315661696223482,-0.02488778921872899,-0.009494847503611084,0.0003154533116599897,-0.019039868111158674,0.0006320563059772166,0.0,4
node_482,13,2944.2847619185004,0,-0.0026311768046448675,-0.007512864630180502,-0.0024232277398441283,-0.00863610637089585,-0.0057079283003557205,-0.005239550359224867,0.0002660643620041862,-0.012285948083382911,0.0008629083275236002,0.0,6
node_483,58,1659.5896887820031,0,-0.0024158134336380974,0.01971640450625445,-0.004305315249623945,0.003617133118206072,-0.0022773236219711117,-0.0016793539075795774,0.012651605821146475,0.009469608627344498,0.0007491614632021018,0.0,5
node_484,7,2125.5345672079675,0,-0.002859458793534773,-0.010339858239672359,0.0030132262415549604,0.009096085307821447,-0.00923982690449588,-0.0014285697287607295,-0.005977101022064628,0.0029906982597957712,0.0008430921899800156,0.0,6
node_485,57,2508.2906280569177,1,0.00013320473335665003,-0.007894931707154842,-0.010540925217482802,0.015877055164830123,-0.004194691570649292,0.018319772357549075,-0.02647494979330994,-0.0023420798049124483,0.0012468293898367962,0.0,9
node_486,36,1601.4791980080422,0,0.012359890150383768,0.025381138367920133,-0.030954790044443722,0.01281061411452165,-0.00883246855837627,-0.01089970152092911,-0.009827866949069891,-0.0030812234968402036,0.0011528963927029921,0.03571428571428571,8
node_487,45,1334.825510555734,0,0.002059880081839184,0.008837975937722753,0.006891203558764083,-0.0010853182386311613,-0.015100746751906813,0.004725698150676348,0.0013270694786478494,0.0008506041144140964,0.0006403634431238654,0.0,4
node_488,20,3639.2811684539774,0,0.017451614280847266,0.01318300758278416,0.010514116378677418,0.017219975220551176,-0.013842763295350599,0.009316511028298053,0.006964212660777264,-0.00847186373723519,0.0006315547092480809,0.0,4
node_489,1,1310.6548074198563,0,-0.021952983284072577,0.02460676525036012,-0.0024147103108303433,0.014125786258846806,0.020123765701331665,-0.00824811797699573,0.002999672220344061,-0.0057478514325222125,0.0006623233775418706,0.0,4
node_490,8,1429.6857481489528,0,-0.009191869212847564,-0.015130575362031322,-0.0013509993014582907,0.006413577711048954,-0.004293136454753482,0.003381433205883513,-0.01475865603637363,0.02004111877813419,0.0009884782622509108,0.0,7
node_491,46,7459.846395059549,0,0.009891817951551637,0.007306225411386358,-0.0019555717487541244,0.004673541768322837,-0.004617867996092786,0.004751190882081603,0.013765593124550283,0.006127847265115139,0.0013780593836798995,0.0,10
node_492,16,500.3563276836151,0,-0.0006340833942921633,-0.00862359575922677,0.0027787415957084,0.003979657589517033,-0.009808091402946095,0.010643347309017491,0.015560285563669314,0.0003724124336448227,0.0007346933620461416,0.0,5
node_493,14,807.7213869574384,0,0.04227925932922244,-0.020184586635229845,0.029659555539208873,-0.019875079973877406,0.026969292314525963,0.010021666339710073,0.00509375536893148,0.007764369952440607,0.0009290235674714051,0.0,6
node_494,12,1226.6745453597982,0,-0.023132017477979352,0.02056829354020147,0.015052633660464177,0.007248254525646374,3.087480325660297e-05,0.022492358811422176,0.021277092931243562,0.02690492276084599,0.0007773428448384911,0.0,5
node_495,51,4545.440840717101,0,0.003278140400077318,-0.0011754692462678997,-0.00671547195568441,0.023157253427227322,0.002101674376287545,-0.0064978949287771036,0.0013898636059380908,-0.0036390099981411916,0.0015017168291144858,0.0,11
node_496,23,608.9039525133928,0,0.003503480465414275,-0.019206876746415295,-0.007623425970671548,0.01186454387573785,-0.019018557675918164,-0.002765223043277001,0.0012022799207943278,0.004486437556112121,0.0007443974990419906,0.0,5
node_497,15,514.2960603086149,0,-0.017998098779219717,0.0013374639015649,-0.00599011993643637,0.006556981495906203,0.010629741468593834,-0.013721446992227077,0.002281442156475823,-0.008671476949102334,0.0008572762033863454,0.0,6
node_498,28,581.1835744847617,0,-0.00641054050803442,-0.01542762290792009,-0.0018207610126885537,0.016830550516896112,0.0012179976596363752,-0.0012971187913805911,-0.01257960773057992,0.008200915772436335,0.001101133116575689,0.0,8
node_499,34,639.0669671975585,0,-0.017388998314077118,0.011936479353311276,0.007687687765150237,-0.00043364251986250963,0.021012326164827302,-0.004123934831201787,-0.01880730852610215,0.011085146893745177,0.0006241665204470908,0.0,4
node_500,2,557.4826421989458,0,0.012012849336916452,-0.010191523938411292,0.008901832111902467,-0.040243447166289054,0.0225578014423117,0.02177520930604086,-0.004744027363369546,-0.030377189231610514,0.000677115174471242,0.0,4
node_501,32,1480.259045790027,0,-0.0025638464218761766,-0.0007158180905367472,-0.004607831265220238,-0.007168425291346676,0.008481986254512163,-0.004843818810704311,-0.007018203164928733,0.0034656718970139835,0.0015625293430544312,0.0,12
node_502,23,1803.9576037841575,0,0.005586485974057577,-0.005720194472434057,-0.007893414601650968,-0.0007227067222506955,-0.0002753225225449985,0.003756850759621519,0.015613971655821023,-0.0023896900426771885,0.0019275159553885735,0.009523809523809525,15
node_503,22,975.5365076106472,0,6.379662503715112e-05,-0.009233966189789835,-0.003010569772668076,-0.005846659676635481,0.006167593126858807,0.002567373501824342,-0.0033256463154277805,0.001055320856347521,0.0012372156505992419,0.0,9
node_504,51,1261.9629945135762,0,0.005526452895292671,-0.0014961041303116999,-0.004380738701566104,0.0037709739504631586,-0.0010948238108023718,-0.009776694197955715,0.0008314681981467158,0.01250236262568637,0.000736634175866288,0.0,5
node_505,25,644.2697396899367,0,-0.0010285894824040274,-0.004545858793751346,-0.022375487769672225,-0.006073383196575912,0.006675659674453948,0.005088382222256632,0.01129742857655221,0.0015540056951345775,0.0004968382260493261,0.0,3
node_506,58,1115.0468189863736,1,-0.020657241610898554,-0.03458341838651447,0.02147241652192725,0.029086535277729565,-0.010606556089784374,-0.002722210190391752,-0.017549176261079626,0.005557367829614877,0.0005361650209484196,0.0,3
node_507,22,1608.846967660743,0,-0.008600157021911654,-0.0020882045324511593,0.014855045627266862,-0.008180897932746456,-0.006110221110948453,0.015797371588217098,0.01007742254413432,0.00044617227088625494,0.0013526902215334614,0.022222222222222223,10
node_508,58,2476.6745285584384,0,0.01350028770534632,0.0009558649773330844,-0.01864434638826228,-0.01449771303512057,0.007220494740696542,-0.017523777120963237,0.02547585162902787,0.0009437159352226786,0.0007577584360257249,0.0,5
node_509,58,505.027960452325,0,0.0021807433235823052,0.02036811809592847,0.032450460662663355,-0.009186477239747979,0.006810983790004758,0.01575464036938049,-0.0006011586433235449,-0.03519124113442731,0.00040370808297175795,0.0,2
node_510,22,1444.7256147836038,0,0.004910732399299572,-0.0061208694574693065,0.012738160514489302,0.017892441337580656,-0.0012912639037734586,0.015476486517582287,-0.009527501714225034,-0.01713067316216655,0.0007584662905643616,0.0,5
node_511,49,1028.6037182979628,0,-0.004438724087445354,0.0020885129326016533,-0.009018558657292664,0.005731577213502505,-0.010830952380448374,0.008586689575714712,-0.0015301183450588875,0.007376651677375899,0.0009611603440691752,0.0,7
node_512,52,3374.1669932994687,0,0.00987429167447958,0.01638667757598668,-0.01472485641634513,-0.0005038036880100344,-0.0029575140784983424,0.022293344000649595,0.001497471674356033,0.015698719950572933,0.000752737813540719,0.0,5
node_513,42,2385.81416411922,0,0.01988968332954623,0.015271692028601931,-0.008349512892673938,-0.011260727943521762,-0.016503249386756458,-0.02752278231162648,-0.02064588972575502,0.02299564192918776,0.0008126773066922102,0.0,5
node_514,6,1834.1392602470717,0,0.021295981210111774,0.014834888209864856,0.028577069475125477,-0.027351565742785296,-0.04018335868211936,0.010760921752862833,-0.0016100722624903029,0.005747341488811533,0.0011397224663067759,0.0,7
node_515,15,987.0703186597312,0,-0.03560102905755506,0.0022214001212317947,0.017335408543717068,-0.0013938800277875,0.013371957145892663,0.015432100939058335,0.005329262705122965,0.0038951657557249413,0.0009368496526084692,0.0,6
node_516,54,4117.580787998216,0,-0.0039035265956799616,-0.0010760306452692683,-0.003878967776267868,0.013267173556168268,0.016586542029096162,0.017176671807735692,-0.03023650783579579,0.00012044458764722022,0.0006261801721506151,0.0,4
node_517,43,569.2240478475837,0,0.008646620495733157,-0.022062284276153966,-0.0082482931587604,0.009820700267870772,-0.007614974005412629,-2.529196785165432e-05,0.005408497197079201,-0.006574903142616038,0.0007341714608837346,0.0,5
node_518,37,673.9036870657236,0,-0.020441114797347896,0.013935239961522313,0.0018211675898945436,0.010915601608933805,0.02157365460505547,-0.0005799245448161932,0.007601828569607704,0.0019316383143680113,0.0010277518644600941,0.0,7
node_519,33,1245.4583907332008,1,-0.0024540217905652663,-0.0003762611485921289,0.012319513419986905,0.008849727362680868,-0.01372959214001132,-0.002506068191879134,0.015969340730198168,0.0018769234642613795,0.0012223634186324052,0.0,9
node_520,8,699.3332111987892,0,-0.008324650661641595,0.014338903448756659,-0.00097893534281841,-0.007497579028178713,0.015391034660898542,-0.0225356259680179,0.00819450991575808,-0.004434045945240163,0.000977662519063189,0.0,7
node_521,53,5199.587343833322,0,-0.00035664026995670074,0.0009804025708947304,-0.0022053730498182464,0.007797399518187823,-0.010709470510884089,-0.0011765511130419962,-0.0020005367741748525,-0.025978407830393062,0.0011064046320792085,0.0,8
node_522,44,2899.152083452533,0,-0.004571224377816886,-0.0021459360547516934,0.0015597870732583412,-0.0062317730001745265,0.012252694709124719,0.003917019858106601,-0.0015843051595451027,0.00605123871273625,0.000994396251368808,0.047619047619047616,7
node_523,44,949.596862725213,0,0.007793613867238477,0.0032290960803108854,-0.01785793051968174,0.01944806265000717,-0.03560878055129139,-0.0005255732536695977,-0.014956649418933647,-0.014887600365227797,0.0005160651930750648,0.0,3
node_524,5,1832.1170768034924,0,-0.013227284002358697,-0.00804267856997515,0.0038860291077107492,-0.0034586809777786202,-0.010162285096207245,0.004969989649444999,-0.00978482655571465,-0.0031923304845767344,0.0011109989040777614,0.0,8
node_525,39,6553.874214577585,0,-0.01368405798698986,-0.02228195582154596,-0.002403191552547322,0.001088369716666098,0.01463900614344082,0.006813958959155591,-0.013714500706983409,-0.010074949208981615,0.0010142087111071607,0.047619047619047616,7
node_526,4,3733.8228341847034,0,-0.00044796927579302144,0.0003070139600789515,0.005685461267830215,-0.0018510387162192893,0.023251997931904928,-0.0008868382355912809,-0.01516736832935611,0.00459148053563866,0.0007436991738393362,0.0,5
node_527,6,1877.43326431181,0,-0.00024216527349338646,-0.0066008001182108955,-0.0035325823212639363,-0.002522312863190274,0.00025070681575805286,0.0024213671996112943,-0.0006476435771729123,0.008733097695860963,0.001423786744447606,0.0,11
node_528,45,4010.803807217937,0,-0.022365824150297493,-0.02357812012853604,0.018893720076190466,0.015061757110880798,-0.006420492895391232,-0.0029620993735459313,-0.008356040018424785,0.018466857603852506,0.0010461294475483664,0.0,7
node_529,32,7290.219320868442,0,0.00318687623697382,-0.008549752360254648,-0.01426383609939723,-0.007744248631589093,-0.0013019796844666973,-0.0035088350521736834,0.0015236173339722029,-0.02557147005261706,0.001003509270564156,0.0,7
node_530,52,2540.0794835560737,0,0.006548501848539699,0.010023998385620885,0.0002964489800461179,0.02354366568610397,0.029781515983008513,-0.024420718340049715,-0.0002156543720931181,0.00812907314082222,0.0007518170973901952,0.0,5
node_531,30,600.7913217300108,0,-0.00046757031986820364,0.0005757394057565397,-0.006860502123935019,-0.00215643302004259,-0.004688636830137249,0.005373325584303839,0.01183147836602982,-0.015053584987757726,0.0007517462805093358,0.0,5
node_532,47,1270.1942382551547,0,0.00638636609788057,-0.013116369410553374,0.008870518712715639,-0.01691406362534009,0.002655269578016022,0.008511126788915418,0.0009299945517669146,0.008124627497943536,0.001250077573007415,0.0,9
node_533,35,3228.625720671565,0,0.007706145981914717,-0.010529265542012127,-0.007225504376659375,0.001412943324998689,-0.0026471207548460283,0.000820721914976061,-0.011736870420418715,-0.010507717863130426,0.0012104845992906373,0.0,9
node_534,55,893.1563792299611,0,0.006016481431231747,-0.020870372828014926,-0.01748275302983575,-0.010730438017086138,0.0002783331120607093,-0.004613086541651685,-0.016609771290142267,-0.009755641307429773,0.000759103991344148,0.0,5
node_535,40,3163.615277796407,0,0.00698269843585063,0.003567820839736564,-0.007162155750469535,-0.0032216155896904507,-0.01139132440189791,-0.006173574368579848,-0.004510074577682191,0.008016182596068984,0.0009555264724015371,0.0,7
node_536,52,692.3276037241211,0,-0.007206224383106431,-0.005531458067735793,0.004778185733113241,-0.01044566633203772,-0.029578377516279456,-0.008054525040502561,-0.013366043441635746,-0.00824451416164903,0.0009965533432800201,0.0,7
node_537,16,572.1245588696069,0,-0.012858376616281605,0.00968024428270392,-0.011434222780364737,-0.010732806728508093,0.007364289808652707,0.00838594236630778,-0.015660733345438434,0.005853981993872316,0.0013809660387704998,0.0,10
node_538,13,1226.9831342676257,0,0.02804896926440462,0.02551620364860823,-0.030712174000394027,-0.01851913619986527,0.0034869505177959345,0.033152869101198155,0.01003527007215843,-0.014341933917453866,0.000891675058724561,0.0,5
node_539,50,556.1353159300731,0,-0.010750062073086286,-0.008145594711272472,-0.011182855583336733,0.005411279087691259,0.005255328532015445,-0.017253335018399374,0.006934307195605573,-0.0011722643196239576,0.0010852241479631362,0.0,8
node_540,42,5229.290275821797,0,0.005415536975757969,0.003877976327782891,0.00598863346177416,0.001089501795751113,0.0019583777127819336,-0.008779013816950109,0.007777761948630702,0.0008056962174299982,0.0014459372876225115,0.0,11
node_541,30,3124.824258207564,0,0.007264816199818012,-0.002854824922001775,-0.015531583750962816,0.004403154440913725,-0.008263242491106859,0.0009943391486542431,-0.0041378920035431924,0.0017987129153574865,0.0007482218468714648,0.0,5
node_542,19,2919.94065854898,0,0.007962811024712795,-0.007187494765296312,-0.011529420286681106,-0.012236782561210418,-0.014272671296740081,0.0010016429388345904,0.0037704017131087514,0.00866483321182453,0.0007295813521277022,0.1,5
node_543,17,1990.478367917318,0,0.026573838299197437,-0.002818227235106324,0.018734014179595124,-0.002599115199821544,0.026590504803727828,0.034243275965570426,0.010890578837515381,0.003113455116430353,0.000783821002982871,0.0,5
node_544,56,865.6394581265002,0,-0.02350904514328813,0.015696693146531014,0.049622017473845974,0.0055495123787335275,-0.014066046546176103,-0.005689944390681585,0.06776842330856388,-0.014681118864794845,0.0006675709289198407,0.0,4
node_545,19,1595.5272360616414,0,-0.004720207169068976,-0.02553766908411972,0.008640931585081196,0.021631986766777068,-0.0024111599678677334,-0.0027885106596534227,-0.013447166633565537,-0.008758233001761801,0.0010330479748714154,0.0,7
node_546,28,1864.2485433010847,0,0.0008795983952291295,0.010290618575123185,-0.013942333735405932,0.00833807499118854,-0.0049477572983876415,0.030384748698023416,-0.012715256405520419,-0.0005268184241688518,0.0012759996834850438,0.027777777777777776,9
node_547,58,1616.7601921207547,0,-0.01235929896118681,0.019796430462522753,-0.010558371619296354,0.009317487818411678,-0.00942802538118767,0.030454529524858776,0.013452761102957471,0.0277340209142877,0.0006548210520445736,0.0,4
node_548,55,952.1307569264948,0,0.004624181463068318,-0.009919483056595443,-0.011376295977121737,0.016134342590030354,-0.03280425387661362,-0.011880383053913778,4.8268655834988606e-06,-0.008049739804217164,0.0011130237455698173,0.0,8
node_549,26,1586.1765543468357,0,0.00010689871802493849,0.007836528276572025,0.015069974453418863,0.01479809067045163,-0.014819517322210148,0.004106857143945491,-0.003494925466721583,0.00043886602774506145,0.0017217331725624262,0.0,13
node_550,37,1513.5101323092435,0,-0.018692038990769093,-0.01921916151283012,0.007706969324735091,0.01185595999895943,-0.0006010888316494153,-0.007285392884424766,-0.01711065719806132,0.01945144213794593,0.0011083233712634055,0.03571428571428571,8
node_551,26,8913.7079688816,0,-0.011741837775630976,0.0070897444109333935,0.0002359810297303614,-0.007613727840238742,0.00035082500718439146,0.006592379404060772,0.010847819520686173,0.003818265753134525,0.00060291439492113,0.0,4
node_552,53,3915.9045926948434,0,0.002707848000203561,-0.0013474865018860379,0.006681948524259514,0.003943531360442925,0.005780971305675655,-0.02204585458121459,-0.00014679363357079112,0.011585757045681332,0.0009693208147477038,0.0,7
node_553,23,1433.699696430841,0,-0.017579346278896815,-0.010982380855429448,0.023372461216960058,0.0020753413109331894,-0.00832467269956913,-0.008593906346242648,0.0073489642645129475,-0.00929286759706885,0.0003937013270875355,0.0,2
node_554,9,1963.016018473622,0,0.006654220835170856,-0.0022529389880017424,0.018933477583459406,0.030197518050824722,-0.014314085139375626,-0.01862800987051267,-0.011883029541800321,0.008406603152216117,0.0008770588164648929,0.0,6
node_555,12,2566.725220482653,0,-0.010037028244295615,0.01776049627296149,0.0035307651307637388,0.008447372290260815,-0.004311501804604215,0.006762773481495237,0.01672808654256072,0.01526079710422049,0.0014580096402878814,0.01818181818181818,11
node_556,53,553.2311856153223,0,-0.0031086251244747563,-0.015048379573528984,0.005457686469804716,0.000576165556482753,-0.03018411471897743,-0.014573794162400637,-0.007661158205778919,-0.00738313229934752,0.0011290155973052679,0.0,8
node_557,1,3879.570544682536,0,-0.004421163391086194,-0.0030427383799307597,-0.006697740523145816,0.0027243369857317835,-0.00014957254023905892,-0.002876308324760055,0.005348749943448736,-0.008115408260275445,0.0011116333135688708,0.0,8
node_558,58,3450.528647664137,0,-0.016041992344377032,-0.0228318118966464,0.016598339969067337,0.022710046558857427,-0.012678042509713067,0.0002506821110301855,-0.013609077181784831,0.001484437510795138,0.0007871494938638979,0.0,5
node_559,58,1417.1630540089534,0,-0.007977594120534538,0.005464958012629477,-0.004640356855985041,-0.014866873122517282,-0.001959564439388191,0.003921836950381213,-0.00890749985123916,0.017964786514973463,0.0020783478992346107,0.008333333333333333,16
node_560,1,1244.3237182555208,1,-0.0013530667629662182,0.01249233624023506,-0.004826885985571259,0.0043103032334673545,-0.009716601124752328,-0.002394435365584391,0.001327202194620242,0.003019387721055051,0.0013126383347435466,0.0,10
node_561,47,978.159383723167,0,0.005142194313740528,-0.0016605639112913062,-0.008386401490761187,0.014043090572631249,0.0008905733134954328,0.013632470803253999,0.013964889641523558,0.012566339255893115,0.0009838798078785976,0.0,7
node_562,34,1471.3341300322938,0,-0.01093050244932398,-0.015100307817325064,0.009815050384057479,-0.014375321429974578,0.0050821821257869175,0.006332211883374179,-0.028722731074237885,0.022603898496831868,0.001143638803820388,0.0,8
node_563,32,568.0871646210364,0,-0.00513556071608817,-0.004118877889436964,0.014490483079303835,-0.013088945118077814,0.001786744287683394,0.01641535872270389,-0.023342646668405312,0.004532401873709228,0.0007717330284034672,0.0,5
node_564,54,3367.77727804783,0,-0.002139739357354476,-0.011586364078968054,-0.004288286327527814,0.02478834828851014,-0.005853830642938043,0.026952650379439468,0.0024005152054394152,-0.007700545208252789,0.0006543965256136926,0.0,4
node_565,48,554.0974414049487,1,0.0006021787383475689,-0.00400262974272733,0.015313136811998883,-0.016233925036229578,0.003675437932110288,0.013280859129023288,-0.004237416578360049,0.0015219009050315181,0.00117245507016182,0.0,8
node_566,25,1098.5940431259503,0,0.008343262089597151,0.026730456658838723,-0.013163564501076159,-0.009652474176401213,-0.033941919918582746,-0.005928794367936697,-0.022896034776839134,-0.011858979200051044,0.0008064206398822637,0.0,5
node_567,40,4523.34317992129,0,-0.013480320516119637,-0.0018185571086645588,0.005505849319420503,0.000755859203222447,0.0042952172292267015,0.021775631022121888,0.017371973767451112,0.025209326013949408,0.001367342581621552,0.0,10
node_568,45,2493.242367570594,0,-0.01846746378507393,-0.005731767489951855,0.010355098234767017,0.008694201886314768,-0.012719264292632555,-0.0058565860896866665,-0.010016904020025705,-0.005256189998824232,0.000872505266932482,0.0,6
node_569,53,995.6567377532306,0,0.007860015588759737,-0.008559852310324524,-0.009986323281648243,0.003770479209941228,0.0015466616965162912,0.0017260442799813494,0.013291051400779175,-0.0014203551423670208,0.0009887640746732889,0.0,7
node_570,1,936.8306756229632,1,-0.00999979995144628,-0.005821141674931968,0.010041144667661976,0.004821849313249367,-0.010279409988408185,-0.004225271514329789,0.016111926144163527,0.005708846280253372,0.0017683692219413983,0.0,13
node_571,16,507.6426467181901,1,0.0005131820325848343,-0.014265545961490884,0.0027864303287850494,0.0051850938388733146,0.0102307049585658,-0.01697597508187517,-0.00707250926645626,-0.008867768384264682,0.0006294086368807987,0.0,4
node_572,39,2284.6822891757947,0,-0.006399760851533609,0.0013707839514988424,-0.010202959084315703,-0.0011224842477942066,0.00041333932762368717,0.00856941576836787,-0.006612797719929841,0.004053050367403318,0.0014537717476722778,0.0,11
node_573,5,575.0205096622377,0,0.004649958481709221,0.01195284277715112,-0.011805878260839274,-0.018607282457906868,-0.0039629402200903165,-0.02017835982275201,0.0004891585352641035,0.010587754018681972,0.0013919478851193744,0.0,10
node_574,22,1640.8628707061598,0,0.014621054885199412,0.024208088181306136,0.002098335951633205,-0.012606617000431366,0.008973765379264826,-0.023455185648641016,-0.004573627257228924,0.009482360681336165,0.001000832870852787,0.047619047619047616,7
node_575,29,5410.076130175879,0,-0.004129765923559817,-0.016211776063175174,0.006815615187292586,0.002876303997800702,0.002817163414725887,-0.00459627514358174,-0.014588111494692668,0.0034105209520197723,0.0006318653602513488,0.0,4
node_576,55,673.9058117097514,0,0.02045744400458631,0.004577962478213909,-0.004045705196413459,-0.012047398956380037,-0.017905431123009106,-0.017999780644809452,0.011953713929511684,-0.000568703949718286,0.0008741458406543202,0.0,6
node_577,3,3873.281174549296,0,-0.0020926778896957782,-0.006785211103295241,0.007278404264884821,0.02797464674204319,0.0015853185620601483,0.02451984017760234,-0.008637744843079056,0.0032479727553034786,0.0010108305274533563,0.0,7
node_578,12,7647.187354681206,0,-0.005071856230185455,-0.008679079511529837,0.009071603954663563,0.0018798204733268531,-0.000475104134616405,-0.00760737116502639,-0.002321055193179761,-0.0027734055051330457,0.000836372026130345,0.06666666666666667,6
node_579,26,595.2358476358351,0,0.01810569695951137,-0.012044407494577436,-0.0018999562723348695,0.016029485967395674,-0.0037834666525824907,-0.0011928536831620278,0.016713449981179514,0.002587183856372299,0.0005088945255333275,0.0,3
node_580,16,3717.1708196379136,1,0.0707215810858998,0.0022209508768095618,0.02757899791205989,-0.0014958859618303911,-0.026681803563497964,-0.006933889378128592,0.015004044577496437,0.02108386474560687,0.00040905053137411083,0.0,2
node_581,51,1588.7504764611822,0,-0.012397691334760264,-0.004121686478610627,0.003186729020864927,0.003917571913086592,-0.0027707308613615826,-0.002929504991953579,0.02404390454197944,0.007951199173625504,0.0009923452418893492,0.0,7
node_582,37,4054.91087822193,0,-0.001347640906365733,0.008532349239657462,0.01419984989255209,-0.009988970671071414,-0.017054828609770346,0.002796833396509987,0.006007251572630687,0.004925930504381438,0.0010223584354388292,0.0,7
node_583,22,1770.5631363670166,0,-0.004425603433562155,-0.012237312787279943,0.0023758166417481782,0.001342067357320878,-0.0024276330842713622,-0.007861691760533075,-0.003151659555692364,2.0377028336683072e-05,0.0014360611936794442,0.0,11
node_584,57,2127.561243903536,0,-0.02118700475968742,-0.013488369213589434,0.00038677318608810806,-0.011957532413818549,-0.012973100273399178,-0.005562573457472731,0.018356591290818774,0.007276746475029206,0.0009135117956009073,0.0,6
node_585,29,1677.1666041305973,0,0.009653334678321426,-0.0044721858653227154,-0.01149098007731884,-0.0077569957651612495,-0.00883370575687936,0.011469438142835069,0.00500169283296087,0.01962453673091984,0.0010992592389817417,0.03571428571428571,8
node_586,14,3498.0966442783324,1,-0.010174618803261311,-0.009031746276799884,-0.00035128614160171546,-0.011256585572375051,-0.0012032303444812894,0.01051112273797191,-0.00509484250775071,-0.013014050028747878,0.0005045768441852004,0.0,3
node_587,28,2485.880565469399,0,-0.019787974515218732,0.01953801402398394,0.02202934196159556,0.0020867913743816938,0.0073528381373074506,0.010680431619116056,0.016891539387023244,0.011750808939505116,0.001032335025804243,0.0,7
node_588,5,1604.8974177825492,0,0.005303456400176233,-0.0020494800912664183,-0.017021165980759295,-0.0074138106281937625,-0.0036744941451065313,0.0066968650613039565,-0.011289793065296958,-0.012006450356621998,0.0011229009230145825,0.0,8
node_589,47,3539.258467297286,0,0.011189451117285665,-0.019396895344661238,0.007490223175071265,0.023306974071594582,0.0008943303130740702,0.0007466954439430453,-0.0007641349843895117,0.0073342934664033695,0.001260222930419531,0.0,9
node_590,49,922.1236845230736,0,0.007381111464682895,-0.011577306447774542,0.005645732479343611,0.002537436166561672,0.005120957793081993,-0.0027394718034213024,-0.005943330605056704,-0.012773050608047285,0.0010992819442686584,0.0,8
node_591,30,756.7887600327983,0,-0.013154633437178969,0.0145140896650083,0.007089159532738528,-0.004706636775055738,0.024517369199582247,-0.003248079831739329,-0.02486723379739719,0.013385605852851007,0.0011509265660051787,0.0,8
node_592,46,762.244724732524,0,-0.013450091322857592,-0.008790820348621166,0.007450065943246843,-0.0021328768191286856,0.007578732469628404,0.010317547738092315,-0.005221216564493195,-0.0036393307164186896,0.0010943090381729614,0.0,8
node_593,52,1109.718409969878,0,0.006283167600692012,0.01787673726932522,-0.008123514101519144,-0.007290035966284917,-0.004102660464040681,0.02174640639502558,-0.023190086058891262,-0.011544479137810227,0.0012595248933108267,0.0,9
node_594,5,909.072029667014,0,0.013767649612101219,0.00800197121634983,-0.021948722314416743,-0.011804012546705772,-0.0047558294487440094,0.0017921210299081272,0.01446701137932776,-0.0014114139595827109,0.0011189554937560257,0.0,8
node_595,12,4490.827388298521,0,-0.0012613140566161685,-0.003337446177608287,-0.00977819735736763,0.01833504349527251,-0.011059903013851189,0.029336592482269434,-0.010962248081680434,0.010027953194599957,0.0008849599150185076,0.0,6
node_596,16,667.7959154795375,0,-0.015168161794262716,-0.01926502742644413,0.019678422428226216,-0.0012305527443362365,0.016848117295356572,-0.007999463703789499,0.01965359963787547,-0.012925652028454361,0.0006518395444099125,0.0,4
node_597,26,2300.9213661111025,0,0.012017802914911682,0.0076536571582603505,-0.008743894660580643,-0.011888779039457113,0.008971545496028067,-0.01968592857300541,0.010525099928257972,0.0078452397609986,0.0009839488951929522,0.0,7
node_598,26,814.640646269348,0,-0.008239226417913635,0.006323926236538933,-0.013200321584201884,-0.013016214555774222,-0.0035121838635919695,0.005774324459246452,0.01463575867660885,0.03614799323424005,0.00170503734681331,0.0,12
node_599,48,3701.000340639349,0,-0.012860633439998171,-0.02896696335943521,0.024350122982556035,0.01215578566073961,-0.007967648129346116,-0.015991381741098754,-0.02653228157299959,0.028184322346242456,0.0005249122966123362,0.0,3
node_600,21,5378.466200801472,0,-0.012855612183296894,-0.0070032851570138565,0.005137801024842641,0.009356014983415149,0.008493921275128189,-0.006294767376904093,-0.021400754019444506,0.021844491393793835,0.0014827065723648644,0.01818181818181818,11
node_601,39,1439.551158915972,0,-0.022741776969785597,-0.013890460835283839,0.009904990371429683,0.008890134544566324,-0.002049513932991956,0.005921301850807788,0.00014255248057095545,0.007772839586965889,0.0007612544018698304,0.0,5
node_602,36,3668.833480447127,0,0.02598412753420098,0.0097558706860498,0.013202454960796046,-0.027378019885351185,0.0063186911494963385,0.012343755480476504,-0.010928260442299905,0.003081636468873356,0.0010301082890651777,0.0,7
node_603,33,507.7376790860251,0,-0.006535005293335003,-0.007165344171987903,0.004629845438561094,0.00685413497476841,-0.008781308128475322,0.000697253165043329,0.0024193172886562203,-0.010454227637178898,0.000980723792008287,0.0,7
node_604,30,3071.7553524185323,0,-0.008923099444804438,-0.0012332222960912465,-0.0034135780982360374,0.0005524913896635395,-0.016885668398102238,-0.014033650685578014,0.007168010122543559,-0.0005313867554144001,0.000633503439077272,0.0,4
node_605,37,889.3712776094446,0,0.0011893348718370709,0.013973769405821736,-0.0006774654955411286,-1.8593373261393795e-05,0.004756594148514009,-6.728637840862384e-06,-0.010957684448034641,-0.012863762848430105,0.0012472065217010442,0.0,9
node_606,23,4090.428247675693,0,0.007970716811812216,0.008552318896060807,-0.0019446504577733787,0.024059687712970765,-0.01140371281608543,0.005305246219924353,0.0008149860330244114,-0.01543311852531635,0.000760911665484781,0.0,5
node_607,58,501.68110891072473,0,0.008275640999923943,0.00560467971568333,0.01325263342591818,0.0012433709926203912,-0.014034646347917084,-0.017029726410093166,-0.011962953900084589,0.012140370619163302,0.0011247606097295913,0.0,8
node_608,10,1718.510170241018,0,0.00996813232091551,0.02505590615405358,-0.006992099361713653,-0.0030677632141003866,0.013447700394094651,0.0053609038273029755,-0.012334351779513792,-0.004956104085894007,0.000523423027048416,0.0,3
node_609,54,2619.7943116849838,0,-0.015859734272047184,0.017356662578329202,0.0035419221142362948,-0.009578461729617486,0.008806376494966807,0.003909501874962791,0.008770555447114756,-0.0009003775502954717,0.0009966265666620808,0.0,7
node_610,5,949.0012036557508,0,-0.001652602118008043,0.008467919673345111,-0.014862907706557802,-0.012698573151396723,-0.010775684586831182,-0.0037468647193841043,0.014946441934746915,0.011487269306285117,0.0011433594139936868,0.0,8
node_611,36,821.8943965997236,0,-0.006970183574692694,-0.003965406048699984,0.001928139025298082,0.015636842300023452,-0.010835340290423486,0.010451899974015157,-0.005272693033909914,0.00023520007209573026,0.0013353475512197465,0.0,10
node_612,34,631.7692280145678,0,-0.01012184652266499,0.022928256064371703,-0.010757152132733979,0.0008243139779306135,-0.011891127624687291,0.019375971838134567,0.010926589526373829,0.017084464076145018,0.0006384018943600693,0.0,4
node_613,52,1092.752995473891,0,0.018881405347034075,-0.021052062770724633,-0.004743295848637388,0.02365266250404359,0.021467218721765068,-0.010710910354129834,0.005615731448311278,0.005850489834647599,0.0010093599495718233,0.047619047619047616,7
node_614,31,1730.940168489731,0,0.002870768766738967,0.0008621753568474685,-0.007683292712835303,0.004345622734639461,-0.002714809718245766,0.006647207818797442,0.009038690264035636,0.004858104074596332,0.0013359027380225705,0.0,10
node_615,10,684.6823990110146,0,0.00977496750689682,0.004109392728656061,-0.013930635103050794,-0.01868442134141538,0.004321824136282932,0.01560484838021928,0.002309842688044409,-0.004532188007571637,0.0010218173431552984,0.0,7
node_616,58,1209.079841201314,0,-0.007229590086333621,0.002738214259617041,0.013264166943137347,-0.008711564309455152,-0.01568902730219898,-0.01123995313820225,-0.006068585759557171,-0.01201702793493308,0.0011277037546877087,0.0,8
node_617,19,513.6707143009419,1,0.009764636049008549,-0.0023482698223477204,-0.016541023075712872,0.021400591770936724,-0.016705596652294347,-0.019425943894833094,0.015540440591171078,-0.020493402738512585,0.0014514293553862662,0.0,10
node_618,58,3061.232985359996,0,0.008683284024185249,0.0007748356453330693,-0.0032214666335834896,-0.007691820649509698,-0.009034454433181271,-0.007855778662796355,-0.0003168056906754445,-0.004836337775466198,0.001760889586308843,0.0,13
node_619,32,706.220858730045,0,0.0413128389116301,-0.0334431473228699,0.03445300243567024,0.008248178406417318,0.019378929134524873,0.005714061331765471,0.0023746982277468623,0.020139753710378426,0.001345732822479736,0.0,9
node_620,1,999.7367942046028,0,-0.007571653819559631,-0.00577023226926531,0.002178902523549772,-0.002646851552040756,0.010257677148442657,-0.003915014514188327,0.01050981991151264,-0.0001800951312406454,0.0013299064664700486,0.0,10
node_621,56,527.8994364612677,0,0.0005768127213445738,-0.006400662801850245,0.008900188329661099,-0.028398189175735864,0.00991454832162836,0.00030124704153704636,-0.007422972844743778,-0.00748714116296302,0.0012651590894800719,0.0,9
node_622,5,1349.086798163297,0,0.028651511055006688,-0.007581112271670428,0.0014421498173887264,-0.015847631852568947,0.014727684213595197,0.02177547649404791,0.013767946231212535,-0.012319241298246934,0.0007708863730552366,0.0,5
node_623,45,3250.0117165477864,0,-0.014102284138397028,0.0007614943935739001,-0.010207139177874485,-0.012157109590255313,-0.0014710241096014885,0.013951094927056719,0.01449135513234016,0.0423748968543989,0.0011805445855398223,0.0,8
node_624,4,1246.743696473842,0,-0.003506891411685939,0.008439198566444414,-0.01459880887310149,-0.01810877256341222,-0.010536457181595548,0.014994691530212817,0.00990366975269661,0.010464066574802018,0.0008660633829914908,0.06666666666666667,6
node_625,16,796.7571594937076,0,-0.010667149293665953,0.022799265009961458,0.04194603857384415,0.012319148589588746,-0.005830687874285947,-0.010296147181328374,0.042639416419992,-0.02060028157708091,0.0009399680217249289,0.0,6
node_626,24,2601.8003600117186,0,-0.0171330457468136,0.02791797986414535,0.008743434636400135,0.019597201675260037,0.04232718206927683,0.0063985336404300455,-0.007579726865103098,-0.0015134584143948536,0.0004094239712330391,0.0,2
node_627,16,2832.474178694865,0,0.000817795076228769,0.009028690233213144,0.0013916924946153124,-0.00589310734036709,-0.0030414543977230067,0.006431221107462512,0.0051970051154009945,0.003099276109474872,0.0013640961369364585,0.0,10
node_628,55,786.2931409192945,0,0.013444224015360993,-0.020207762363583574,-0.0069855900665282905,0.004303352661751356,0.022246516742587773,0.0023205275771406497,0.007130223198533794,0.0014138819153533334,0.0005114031925570029,0.0,3
node_629,2,2710.094596505849,0,-0.02313267395609261,0.027022817217556117,0.005205858681856181,0.01064046328953622,0.021639253821397513,-0.02482642510300589,0.016320916623688283,-0.009154941603481483,0.0008943864118602196,0.0,6
node_630,49,4914.64962980062,0,-0.012175549675505552,-0.005178771459983197,-0.007105691147481928,0.003918921296569847,0.01848186346153772,-0.00029113416273784373,-0.0004742060092981716,-0.00844104260095077,0.0008824240450972911,0.0,6
node_631,28,772.9620819006157,0,0.003987105741444145,-0.0009943305528088762,-0.004072982171237188,0.012090767997383912,0.027826732503435505,0.006458632641053525,-0.016977866230467153,0.004879118994744829,0.0010246866431644823,0.0,7
node_632,32,2710.947029326196,0,-0.0010464770840342816,0.019111866156473704,-0.0085965973934833,-0.014874816393138875,0.016646276237429036,-0.027929679126675565,-0.0029923794469051816,0.00401631651988136,0.0007906542942576159,0.0,5
node_633,27,2349.4434766681875,0,0.004453521820595722,-0.022666079916555663,-0.0017550924267612771,0.0028259251852093452,-0.015741562570800584,-0.00014561083829480655,0.007682561756353618,-0.020800949785340986,0.0010013678040496808,0.0,7
node_634,20,1462.4664442468747,0,-0.012221321297511755,-0.005735028455879369,0.009496515274528746,-0.015971683825482745,-0.01079821333973154,-0.0034968245233457135,-0.014138767160989956,0.002069331439684058,0.0009622449598600416,0.0,7
node_635,24,589.4983567943874,0,0.004473358264480601,-0.0019188678398973922,-0.00333924485288017,-0.0033073516207038464,-0.002513048009535999,0.004986918797052455,0.004451515810478607,-0.015490797650284164,0.0006126189325862316,0.0,4
node_636,12,616.4468552683886,0,-0.0020969052466321267,0.00021714624309590588,0.0060276953557809165,0.008510318861076846,-0.0011403406265680697,0.013825936112587263,-0.004882312291183702,0.001729903132517996,0.001447787041972603,0.0,11
node_637,50,3370.0230332180595,0,-0.014216491910561846,-0.009638027528872668,0.007493111634893797,-0.012446513515287902,-0.002774726610451212,0.006532959550911467,-0.002553461550854229,-0.010264977900347973,0.0008783002640934362,0.0,6
node_638,35,7430.1779516939805,0,0.02492701307231193,0.026514794766610138,0.021550038942101005,0.01251689915964915,-0.0140406544649167,-0.00953048108299252,-0.010607321068322441,0.007949404875443326,0.0011491806310748303,0.0,8
node_639,33,2190.75959571724,0,-0.011479320515044905,-0.002890326839467106,0.0026939430468542413,-0.008426280407687343,-0.013487960108374702,-0.005064367597742092,-0.004853276538453854,-0.003050503435091318,0.0014950383409327956,0.0,11
node_640,33,1385.773005443734,0,-0.02696203838594738,-0.014943150017453392,0.005962221199824247,-0.00797760527261621,-0.01392109661910001,-0.006837509886864222,0.01567164748443633,0.014193917917907117,0.0005165611211037665,0.0,3
node_641,51,2064.370394012487,0,0.017854178552345067,-0.0177379865623812,0.0008401667556136794,0.006536036471793137,0.03443289080308239,-0.005162074489701625,-0.002231989877742587,0.00636779741586646,0.0006378627881699976,0.0,4
node_642,43,1853.5664266320125,0,-0.0016533598939611931,0.006361518996438426,0.015030444143490907,0.016648083621488646,-0.02156956812644887,-0.0004222522448633564,-0.0002943936773459113,0.013259818255171403,0.000855684305384822,0.0,6
node_643,37,1225.818599111099,0,0.011995084060560409,-0.004779629148570057,-0.015476334969149264,0.004279963264429615,-0.007070026867197086,0.00887379010725898,-0.010414756616726834,-0.00044994779475231996,0.0008762216565925244,0.0,6
node_644,12,601.8179710489856,0,0.004823642504485501,-0.013822946367954612,-0.012749912706654406,0.012657962421759065,0.020134088955233883,-0.002586351474098286,0.001666752228013888,-0.011480160645669464,0.0007639092698679172,0.0,5
node_645,3,3084.858822332997,0,-0.008602112583881239,-0.010563379481252919,0.005359437953343328,0.0025026973853800936,-0.01622450397764635,-0.0034258165836016257,0.0006468115121281866,0.003849061846664852,0.0014982189428642126,0.0,11
node_646,1,1197.4251002173964,0,-0.004019579219047545,-0.00218246535898896,0.0023370712696716687,0.004971001576585728,0.016913133405689097,0.010036579254858022,0.004988510460750704,-0.010631573132886707,0.0013907943163739363,0.022222222222222223,10
node_647,33,3062.111986386118,0,-0.028897200492302006,0.02412945585294945,-0.01156407049564691,-0.021970752139396494,0.007422132582863342,0.010961796784952555,-0.012612126858953009,0.0014969926959059567,0.00041327831865233536,0.0,2
node_648,40,936.5490185818122,1,-0.0038810547949458085,-0.013030231143524229,0.0018915221072364247,0.010264121459871873,-0.030563910344931583,-0.009895292852147996,-0.004600923413107253,-0.0049041880501983414,0.0011352334794561209,0.0,8
node_649,10,501.54501518597226,0,0.006622739838316277,-0.01841686243312177,-0.005799820710387259,0.0065721011646340316,-0.005439511997714637,-0.004051336170539283,0.00464226009632903,-0.015369037115920008,0.0013671422459156197,0.022222222222222223,10
node_650,43,759.6353551627449,0,-0.015842321551554347,-0.0016120043631763833,0.030664535988338824,-0.01114097155901222,-0.006808362479480177,-0.011279615050885792,0.012806051759863215,-0.013758824603844297,0.0014360894127851847,0.0,10
node_651,44,1448.189367981549,1,0.00950041688765103,0.0076872987797113835,-0.0017974339492260328,0.002791294054480176,0.0038170496358704105,0.029734793026119945,0.006421195679969899,0.008431147791822855,0.0008689627055058779,0.06666666666666667,6
node_652,29,4831.760590616695,0,-0.002525923684525362,0.01080581987872288,0.003973637384487544,0.0021038710020092146,-0.002988517489587104,0.011154331165656098,0.009829536973068273,0.00948715871758569,0.0015707286505152295,0.0,12
node_653,13,661.7012690879974,0,-0.012356551589032027,-0.023711562885619458,-0.0021349295545404143,0.027120497332535746,0.011019766895975879,-0.0010052563562004324,-0.005308817653368439,0.017545837344994004,0.0006312367479458911,0.0,4
node_654,12,3388.379752786488,0,-0.025744952928988724,0.0024555190040810126,0.003508737590782796,-0.00953281050915469,0.016457474298095135,0.0030070890353587894,5.606781794166807e-05,0.012142879549959478,0.0005190602911891472,0.0,3
node_655,31,1623.0662527299803,1,0.008025613929075992,0.01572493017628024,-0.003277330314621002,-0.000969141256995687,0.0068718920035667555,-0.0037364087738080325,-0.012298426196963514,0.0028143450305324652,0.0008797682808571728,0.0,6
node_656,46,3122.367071675719,0,-0.026758325222946657,0.009563302903073174,0.026512130985033307,0.005269288304195097,0.02597778666953518,0.011209100595117366,0.024271541804435814,0.002117541862974163,0.0009117786769367333,0.0,6
node_657,2,1031.533092096974,0,-0.007836866902286103,0.005702441507500226,0.005671623444361804,0.0023200431106722664,-0.0012499111386745153,-0.006865220833443063,0.0023456171658221966,-0.002892270119470673,0.0013180987460749058,0.0,10
node_658,51,3248.37694619322,0,-0.0012699678488790856,0.02728124327718275,-0.019603464423740755,0.0043059668930867994,-0.0038517353922953713,0.001185607401931571,-0.008123459792883637,0.0011637705001074502,0.0005173458185223493,0.0,3
node_659,50,2723.037291980597,0,-0.011944925138685199,0.014079258518248726,-0.012526370787600903,-0.0063851765666869936,-0.008209498700034025,0.0010174189100318834,0.010505205763829843,0.0039986897764320555,0.0007444025824362417,0.0,5
node_660,35,892.1517271812158,0,-3.473313797652536e-05,0.005609351690639793,0.0066458961823660165,1.5062746419306693e-05,-0.004047775480080466,0.00013011391598265678,-0.0022263888615370103,-0.01885140750040431,0.0016158680727323931,0.0,12
node_661,23,711.1968112070214,0,-0.006832716252173474,0.0018620019156225867,-0.0019219940397187602,0.0031217458375807586,0.004431516909440428,-0.0007384603062658718,-0.0028763869254522134,0.0023616020332693018,0.0018184174246026255,0.0,14
node_662,17,3538.047463152219,0,-0.010817648474235114,-0.002327201696500134,0.008845125419318261,-0.010007196384263969,-0.01395284209864228,-0.005172745313520711,-0.010735341922602263,0.012756048182691755,0.0011868404731598978,0.0,9
node_663,26,5454.880921335617,0,0.007041434046410954,-0.0016854507207172593,0.0019707856703647998,-0.0061230896051037995,-0.003856316319202711,-0.004056940661311145,-0.009523981479667865,0.0030783630355052044,0.0013501052977626805,0.0,10
node_664,8,547.7040515906915,0,0.0006279979672824633,-0.009179486060944693,-0.013396308743694433,0.022749608232786975,-0.014762526594618882,-0.010292021413345686,-0.010511096137995796,-0.029439592907427634,0.0005102562945568097,0.0,3
node_665,29,2471.07255520566,0,-0.0026963274059916133,0.00778072377107712,-0.0027702652229408616,0.006307566423804418,-0.005235622583871978,0.009275820812643689,0.0080423673841723,0.015498070887134298,0.0008802860722633907,0.0,6
node_666,26,4104.014456243345,0,-0.0030683184177311205,0.003369719729198431,-0.00487445576551288,-0.012669960254935206,-0.0038781091041026764,-0.017380123943606347,0.005004928805552729,0.012269868653785642,0.0008473382581877509,0.0,6
node_667,10,3421.14792658446,0,-0.0026109097326877024,-0.007516241894142885,-0.0102334836423897,-0.01065442754065966,0.0005855483717727619,-0.001562096082688364,0.009758078450118212,-0.005776428971108431,0.0014622696076152441,0.0,11
node_668,26,5508.199148771892,0,-0.0007744038526514704,0.01805922951300282,0.006329421270703682,-0.006234750200272537,-0.01443315099185994,0.013135097152089232,0.015387902300086341,0.013410826744548835,0.0007685677394089748,0.0,5
node_669,34,2641.2626389726247,0,-0.0066022172779540466,-0.002960683223168664,-0.013807518277307522,0.012113114510662236,-0.002580017135932224,-0.005668365982767715,0.0022944771018412126,-0.030809502779993926,0.001026231059745659,0.0,7
node_670,51,1375.8978146609645,0,-0.0013543319591755173,-0.0077116860582582564,-0.017005627356590156,-0.008068306800970978,-0.008810813512622709,-0.0006520436809539028,-0.005697189169721181,-0.013960774977659782,0.0007603014415941641,0.0,5
node_671,41,1060.844993339471,0,-0.013842936123003214,0.0036864600657190234,-0.005654498394021921,0.010632475548144569,0.002765014242594402,-0.006032399217233286,-0.0020806401667151195,-0.008053064879348459,0.0007738555019380288,0.0,5
node_672,7,1080.1330146780488,0,-0.004274104433011191,-0.00011905419909560078,-0.0036235635449736667,3.637014752919598e-05,0.00345582295710873,-0.0048976785501742,0.003014248233616467,-0.043909005022281705,0.0002812579432364613,0.0,1
node_673,4,2433.330514408898,0,-0.016649300114638842,0.008400978636901868,0.01260938751995176,0.011783103442758201,-0.004616142377402445,0.01196626668072407,0.017649374936630317,0.02389884488028163,0.0008753649956392362,0.0,6
node_674,58,2554.669299256809,0,0.00929699059876871,-0.0003774488290473133,0.020165147471958595,0.003949232908305818,-0.022799398501106908,-0.011935844704715764,-0.013047515226535253,0.005058715293362752,0.000997744445994755,0.0,7
node_675,53,835.388872323633,0,-0.015187094277944645,-0.005267085022654539,-0.0008865740267494651,0.01154054998257955,-0.0020056546328000974,0.010816677059610539,0.016227109659915445,0.014164328880123369,0.0010238308769282844,0.0,7
node_676,50,3538.826292083999,0,-0.012359022939728315,-0.013014900399869673,-0.00411804332495586,-0.006497602586060501,-0.0005154072072537741,-0.0016427175163547935,-0.010649274535172667,-0.004422519525244244,0.0008543414155913866,0.0,6
node_677,45,2382.4994129284664,0,-0.008024719428752786,0.007610484523635917,0.002816782907661432,-2.6480307575018426e-08,-0.007453717667136884,-0.005722818781210296,0.02769246344014838,-0.004513640415686508,0.0008696027817937284,0.0,6
node_678,11,1740.8762299355208,0,0.007768325128955752,-0.0023861589864614943,-0.009243420556585271,0.01185236901286427,-0.00901909000109499,0.0038969331273424404,0.02283002042771539,0.002508038325595606,0.001090829218657223,0.0,8
node_679,29,1456.6608422941208,1,-0.0062020449759488715,-0.002273901275765241,-0.01709114384890383,-0.0020760279938773192,0.0009214160739581152,0.006319690693151769,0.005553694479506765,-0.000898252996756575,0.001232114032073206,0.0,9
node_680,56,1675.3721596207945,0,-0.008578118397633198,-0.00040772517474492773,0.00794112772973264,-0.003225270493885612,-0.0031629758297205567,-0.0012259554128828509,-0.001972211860249498,-0.0010289548831339253,0.0009545778591975931,0.0,7
node_681,36,760.1837891350825,0,-0.0036885477251651397,-0.01116833904061122,-0.005574326634495417,-0.014686703149112796,0.009216963073517728,-0.007484389148682462,0.006011029682081788,-0.026752877829100415,0.0011362848058383132,0.0,8
node_682,25,841.6712728568727,0,0.011516377509334284,0.007863589183895852,-0.01924800338118793,-0.006443632197766057,-0.0009978655023817357,0.007097457885377493,0.004318327565982306,0.0046420243234020385,0.0008593889808458149,0.0,6
node_683,21,643.3867380830224,0,-0.002947761265863118,0.012115033611362637,0.0003706316151763596,-0.006893995613786628,-0.006196149744219673,-0.011298015179624197,-0.0007974466532849184,-0.002825041887737165,0.000981188512122272,0.0,7
node_684,57,750.2476862531047,0,-0.005367773825497713,-0.002484231735006855,-0.006272731562698892,-0.009928617943493047,-0.008536610343114297,-0.00047069198493277544,-0.013693364243682955,0.009867452469532608,0.0009945781746222985,0.0,7
node_685,36,1406.863027727553,0,0.006240343745508526,-0.006302962782350503,0.001256228802595716,-0.03208738694469582,0.021644791878290263,0.023967778678008367,0.003808914134421847,-0.04010592699716258,0.0007823757001907948,0.0,5
node_686,10,1633.6653468651452,0,0.0028687772841209853,-0.00449531762225197,-0.0036391161095576767,0.0023425603309305807,0.0005413114280483448,0.009901150642648212,-0.0018504748669804464,0.007096660784172683,0.0012182809045239345,0.027777777777777776,9
node_687,37,527.0350122384453,0,-0.003187881332869967,0.00011747542483126597,-0.009376847317260259,-0.00034364610682219456,-0.01663991310946015,0.003837312151781352,0.003825676797391996,0.006501957401704219,0.0010776405520110679,0.0,8
node_688,9,2890.330810534116,0,-0.0005796191159258735,0.00611720248161543,-0.02516808659271567,0.011967077334814938,-0.0173122622507505,0.01413051952000713,0.0024277707816301496,0.01012930423464626,0.0008681941837804872,0.0,6
node_689,24,1022.5669885696892,0,0.033741437673202604,0.008402306420089847,0.02053103939567542,0.0009204798836666695,-0.02771248840635349,-0.017892646048133957,0.021818990149069885,0.021974116232366947,0.0006453499389551187,0.0,4
node_690,35,4142.835438633198,0,-0.0008883308666033989,-0.023115224207727457,0.010892642408379406,-0.0001616255910147847,0.00304251557268507,-0.006881322038797367,-0.016178757200359783,0.009649681680098903,0.0007459086172645678,0.0,5
node_691,49,5640.292733672414,0,0.012226204994326815,0.017748039680421053,0.010041216737870421,-0.005785922601427555,-0.0012147506103714562,0.031111558193151288,-0.009168475563312175,-0.013141548561560669,0.0010279169154969387,0.0,7
node_692,35,807.6955410783044,0,0.0029192269813992874,0.013415050617349773,0.003366283383498809,-0.010284876219879053,0.02618307276119986,-0.017916997283356943,-0.003824400998058929,0.006442111922379986,0.0012494173688220585,0.0,9
node_693,48,1430.1163595418152,0,0.00498256896696615,-0.013758673742347913,-0.017828396718977665,0.015853420301820804,-0.018971417138321206,-0.004291439825185478,-0.00730860458522397,-0.014155148626858427,0.001280064477946408,0.0,9
node_694,36,501.8488917485154,0,-0.002653532902377871,0.00490680979907769,0.0003565835066715346,-0.021018563311784016,-0.02119694281723773,-0.010155890489830276,0.0007835299813957067,0.01193373374634828,0.0006314277427056216,0.0,4
node_695,18,1868.1764213908848,0,-0.0015091568032027625,0.006215478111748225,-0.008575178030225467,-0.019947497972312166,0.005452413600747713,-0.024297542706958865,-0.01526165861975898,-0.0007186066732860406,0.0007955167229940826,0.0,5
node_696,49,1902.088606790969,0,0.005910448212636982,-0.012345802866974405,-0.008018591007801194,0.0007562927357423623,0.014032987935562612,0.013965821192740738,-0.0031974292597275965,-0.004976374069914985,0.0012138726365481301,0.0,9
node_697,39,926.611071374228,1,-0.012661938411747564,-0.013161917972680707,0.006994998988011177,0.0006623296985165718,-0.0007626734459601723,0.0006672096732539705,0.0030294431741022033,-0.0062784303968821675,0.0008589063293672748,0.0,6
node_698,32,1726.0692221057584,0,-0.0006108818076621078,-0.0166444558353573,0.012497782519847012,-0.022129233993992147,-0.01120268338016638,-0.009655788720668296,0.009745019111928994,-0.0031559219631503844,0.0012210843690019294,0.027777777777777776,9
node_699,24,883.3841759132545,0,0.00578257484008862,0.0004817212689663075,-0.0030440549892645267,-0.02267181977708642,0.005665793655791064,0.01575699981173394,-0.009469844763278995,-0.004449424032094326,0.0019839321817098315,0.0,15
node_700,23,763.0048573937138,0,-0.007064611041519512,0.007481789040886272,0.019200035876279962,0.006095177346303396,-0.0176905222685882,-0.0021573361749239856,0.02106681297679587,0.02130226896289597,0.001113807926028266,0.0,8
node_701,32,2081.2593637576238,0,0.0025647238500115417,-0.00033691937693150796,-0.005140110919787859,0.0009639237663685117,-0.006298503708767913,0.009763977496639991,0.0052391079733503055,0.00257625452583084,0.0012090036571801113,0.0,9
node_702,37,1091.621879863987,0,-0.004232406554552774,-0.0001837854060160531,0.003679865377266997,-0.015130132264720937,-0.0002528231731111228,0.002612225794823512,-0.006302993085952085,0.007382479694038878,0.000950895421501266,0.047619047619047616,7
node_703,12,1838.363119942292,0,0.009437840308037163,0.013042018037338819,0.003239370785063048,-0.02786255146129371,-0.018738723720625565,0.004905025255515706,-0.016534676308801028,0.008236562523421755,0.0009009627513281845,0.0,6
node_704,49,1351.7468800185145,0,0.0006909824729422971,-0.021027928424870286,0.008342828724502975,-0.019786907788142082,0.01567194747870796,0.013800157650801287,-0.03238245454631627,0.013231081359178139,0.0005307657763955892,0.0,3
node_705,55,6736.0614439068895,0,0.005609265690421107,0.00943287437597905,-0.002197998409505402,-0.013432188091089476,0.00030633434504787467,0.024464758324196836,-0.011406612904556378,-0.006868976056273536,0.0008896088715751457,0.0,6
node_706,13,743.0385343895139,0,0.0006249585849085657,0.004031988708776167,0.005290219451629177,-0.02837871074677939,0.012740531520655587,0.02170893799052449,-0.001891431830351439,-0.013697070078367188,0.000760706129523468,0.0,5
node_707,23,1437.1077901226358,1,0.024253041738371124,-0.008800161151019977,-0.0016175112039950698,-0.00327414081321408,-0.004637251960968408,-0.01299520760015367,0.013753627181752458,-0.0030185506507970374,0.0008893301238577889,0.0,6
node_708,25,2211.29338945174,0,-0.009922712413394258,-0.0017335753044604172,-0.010454256899959912,0.018190381415427722,-0.0010867130447318573,-0.006542290316119311,0.005119917096911671,-0.014148820282935773,0.0008677162388344105,0.0,6
node_709,35,1255.1422882327215,0,-0.009099032761038031,-0.003993195532068931,0.0070923500522019735,0.021811212786842827,-0.00547425277236028,0.015100097547259684,0.006433045931982941,0.015322465176787944,0.0008741194416598721,0.0,6
node_710,41,6015.4175425285375,0,-0.011352866381652754,-0.007836834367257878,0.0002396282012702094,0.013588342462069924,-0.00874583270470041,-0.010742301538839604,0.0022022782956769194,-0.0032257399334166014,0.001499440571680398,0.0,11
node_711,30,2419.5950463119807,0,-0.00760882429381459,-0.003557615598610862,0.0005294692511608402,0.0036170459087349646,0.002572505748363662,0.0036293547331688824,-0.0023875656577326773,-0.0048253115867077446,0.0012302169369635743,0.0,9
node_712,17,2104.9666556441184,0,0.0004702532007939156,0.006970867529213361,-0.00227854225263505,-0.00608346404785265,0.0019131922766699768,0.006622352212298755,-0.0026008260530339987,-0.004582896725582871,0.0008828204048798316,0.0,6
node_713,49,2622.406647536908,0,-0.013328289836338988,-0.013807085341518163,4.241191819949468e-05,-0.017183833088207978,0.013548662656388114,-0.000543984926339039,-0.028361410290680324,0.010186426610148706,0.0006491540934967927,0.0,4
node_714,20,5075.2395440927885,0,-0.0007889324746198691,0.02340966386908196,0.035848477800768094,0.0007013399391883742,0.0036241709283198024,0.014113291129645112,-0.002698144074764161,-0.033450237330901134,0.000813007207624794,0.0,5
node_715,48,4075.996218373488,1,0.0038438918261077116,0.011195397049589984,0.00997235553413936,-0.009530450926137,-0.014604577974533291,-0.00649305107194192,-0.00260064882540427,-0.008284140810495179,0.0008886958462577415,0.0,6
node_716,25,2432.5830095344454,0,0.012279925981181241,-0.010659419328199998,-0.007995041072794865,-0.009093107153926517,0.0005400037413952292,0.012654638935674872,0.013217160767706652,-0.019332117837897317,0.0006441453615980617,0.0,4
node_717,22,2574.4197916670737,0,-0.0023755684114103014,-0.0004228452723946646,-0.010043197541870923,-0.006717455346545857,-0.006530078106306486,0.010521914358832391,-0.001058359156850698,0.022367568090566853,0.0010770282662500845,0.0,8
node_718,13,736.599261731038,0,0.0026771355756296153,-0.009127890434424132,0.014005515291359101,-0.007049777551200476,-0.00020334734769925612,-0.005371405768623767,0.006888246400929468,-0.012080771619621703,0.0008799958332672108,0.0,6
node_719,59,662.7020158719642,1,0.0006211242235569488,-0.01950562978756656,0.02075324778131635,0.011662413335829284,0.0025445340882974793,-0.023552116985146712,-0.014614442309493688,0.02385308302883248,0.0012777168351059997,0.0,9
node_720,19,1769.1136676050912,0,-0.013700229371552642,0.01056918860924269,0.006131256821617048,0.000239992270817399,0.007627776126006853,-1.552743787850609e-06,-0.006845242477975578,0.013020519552827261,0.0009928643265004749,0.0,7
node_721,49,527.8076246404215,0,0.014908106232885,-0.02083329252966309,-0.025443505526009904,0.006868126032986627,0.005555573435373438,-0.0048980211175057705,0.015360177165812665,-0.01640051056651501,0.0007576983660903768,0.0,5
node_722,36,1487.7024031600283,0,-0.0015929504130419944,-0.0031128328004211415,-0.011959608028650832,0.008337690704312888,0.0032485048860988563,0.003606007766862365,0.017252565733698107,0.014817317724748976,0.001344352221266186,0.022222222222222223,10
node_723,12,854.2474065233873,0,-0.00032532649756251855,0.004119396590464289,-0.018888215474313335,0.009425463005391545,-0.009130748648930946,-0.006259258989968153,0.01633612169351372,0.013000387940765034,0.0006598096392508516,0.0,4
node_724,41,1137.0098909541402,0,0.018476970127062398,0.03161114788415811,0.01357921385205391,0.04185096206706526,-0.014344275250514698,0.02304082504937208,-0.02824504385400746,-0.008273484733773585,0.0008105106065461898,0.0,5
node_725,19,2742.8568374601887,0,0.00452475486622355,0.00646272065527466,-0.012349736464998035,-0.01587718132190665,-0.003418283304717521,-0.012523624440330231,-0.007832209579776633,0.007099985416445417,0.0017362817045776947,0.0,13
node_726,12,4751.377181985781,0,0.16150590954432023,-0.04460845657268507,0.09085608399610641,-0.008016939131511375,0.060472457968510814,0.02917409052857383,0.012585779874801362,0.05034348554397257,0.00030628567137559254,0.0,1
node_727,9,612.7583239345621,0,0.0049076399758710395,-0.00382875658906004,-0.015562426398555557,0.010365762467623574,-0.009128378466983144,0.003189998887241889,0.006590766467200328,-0.0052030758397527705,0.0016388256173047499,0.0,12
node_728,7,1646.134302935549,0,0.007453167626339719,0.0024616260664304355,-0.01278295475167412,0.001583596837695179,0.014223242539802883,-0.033562031656582614,0.023861180604937308,-0.0010103151162650986,0.00038939977100788315,0.0,2
node_729,28,3712.402957569182,0,-0.0009091009157907735,0.005341073529505428,-0.009430765021375782,0.008415844514452472,-0.007639355409039388,-0.009233933099763595,-0.0067514965776332,0.011488222683832244,0.0010958324758423383,0.03571428571428571,8
node_730,14,629.1680014086427,0,-0.008351907994747172,0.010834387188136658,0.0012258715887950118,0.0031806120648547737,-0.0032089476474078797,-0.0034646981711552193,-0.01299676115371797,-0.007563480981301098,0.0009706147307179378,0.0,7
node_731,31,3110.294417866596,0,0.00371637078597614,-0.0002171314859668009,-0.010961133128253458,0.003264988748566002,-0.005714376056569489,-0.0072479312857761085,0.010005526023776735,-0.00212982622846302,0.0015551987327886445,0.015151515151515152,12
node_732,52,1164.286401384882,0,-0.02362107564218544,0.0231482512629891,-0.0013282069834392861,0.011090083531013742,0.027059157804247617,-0.020385024937143677,0.010021549158236696,-0.006194616235207288,0.0007754985104963892,0.0,5
node_733,19,1083.1215193809685,0,0.0010015167919572878,0.0018308054524759601,0.011604847000725872,-0.019085822570264702,-0.017739421741305855,0.009305702671789063,0.01295118921099194,0.004452967483147251,0.0009988699177189003,0.047619047619047616,7
node_734,58,6189.120714540809,0,-0.0024128256480375884,0.0024543503170186085,-0.0022265812272665576,-0.0009297727018726716,-0.002584084904917718,0.0031093548295979484,0.003970817437121549,0.0009114422494129555,0.0016780760940409358,0.01282051282051282,13
node_735,47,836.3269859680181,0,0.005045719085186483,-0.015158968225390191,-0.0029868670303601938,-0.028078036232767695,0.010603940577210815,0.014550132852062489,-0.004769411803863276,-0.02266533301318088,0.0005287852691623423,0.0,3
node_736,16,2272.309190125894,0,0.016356737340323696,0.05203585627653055,0.0018458442616453238,-0.003445691651094984,0.01748597128252202,-0.0387165617432078,-0.026160216552546772,0.005992347037488071,0.0005378768373451836,0.0,3
node_737,53,3084.252015370535,0,0.005485337108583026,-0.014797006009973903,-0.016538538840688365,0.008866250930140127,0.00426583331072205,0.006991405624449555,0.016122658378841904,0.004233449734580874,0.0009773591759808125,0.0,7
node_738,5,563.0833439528329,0,-0.007717953318756956,-0.0005613269256387188,0.009044707615436786,-0.006954888628215634,-0.025729426642056654,-0.01105790566645089,-0.020305090908682096,-0.021941254781071565,0.001021291836027092,0.0,7
node_739,35,2164.74704427453,0,-0.00014771062120814496,0.010747245536755068,-0.004368851338678086,0.011370514690632357,0.005057477032088011,0.000789499823797932,0.004498582676885452,-0.012893630876838001,0.0012315315872281044,0.0,9
node_740,12,5040.833617015527,0,-0.02988698532957224,-0.03332750430137552,0.008700940694840799,-0.00618928023264221,0.02992082464334885,-0.015614253826668608,-0.015999158442510694,0.052858639539155976,0.0005429405164840437,0.0,3
node_741,25,698.9604847225548,0,-0.000512035998406622,-0.0006677325520781967,-0.012540207196413375,-0.00424465560308091,0.0019049368025383724,-0.014062312178698853,0.013998107214195817,-0.014402325480889246,0.0008632011289024732,0.0,6
node_742,52,3898.24183623814,0,-0.000255851488755571,0.016260954390598013,0.016351758404653097,-0.0023498087105052216,-0.020102866266826332,0.004742819960080284,0.0011555906880767403,0.00872215388196211,0.0012885703183232262,0.0,9
node_743,59,1854.975276879897,0,-0.05059068523918273,0.023011503239926578,0.04774366183130812,0.0038950358497956143,0.0292485290792982,0.016935830839024512,0.038342846458291335,-0.007500585428940359,0.0006992158573210781,0.0,4
node_744,21,1938.0325985725256,0,0.0026306223694940534,0.014615175839025241,0.01212775664725635,-0.014982803644831271,0.02478336711688026,-0.014113456945237675,-0.03094572698440736,0.000293133336782136,0.0007669692262495529,0.0,5
node_745,36,1923.7795180433943,0,0.013680792742983297,0.0039996964556552606,0.007131188282659478,0.012172863781347685,-0.003394901717961239,0.012235917598346219,-0.008332543741870946,0.011249433035259224,0.0012127456963322218,0.0,9
node_746,53,1032.519958559565,0,0.12694531800465894,-0.019685121420454386,0.06946808854441346,-0.009908561937786118,0.009638469005004558,0.003973112904799065,0.011269270984940113,0.041964274992048724,0.00043944822273476206,0.0,2
node_747,23,4604.716534845282,0,0.007612404169657701,0.0031997496652450288,-0.012354721142865689,-0.015275207748605529,-0.007953484392462561,0.00436637576145148,-0.0010184111236343797,0.012500529354017987,0.0011102011904576628,0.0,8
node_748,16,4916.14674103261,0,0.030994477516831088,-0.005985771246674521,0.02804621538802123,-0.009958570492710338,-0.03365730609034591,-0.018479084309791383,-0.00751892336999917,0.009821351528124637,0.0007704848791328105,0.0,5
node_749,57,1972.4630156701724,0,8.398733846249732e-05,0.024313984297825282,-0.0026267374794486683,-0.02134817086959091,0.019676021546171412,-0.016384524088939346,-0.015894798753095383,0.022743886743637545,0.001141470904493912,0.0,8
node_750,39,2794.711806746936,0,-0.03920073307621347,0.009504032534124416,0.030446714898868885,-0.007568440660819071,0.020021971697713338,0.02608857369237571,0.0053675643962309005,-0.007574337968210646,0.0006678210127247244,0.0,4
node_751,45,1921.1226088636508,0,0.0007997586815041942,0.014588052941696876,-0.02261974004139166,-0.008029619579742544,-0.01678352751022758,0.015397724927863125,0.006793745199593178,0.031469040018111245,0.000645509493736365,0.0,4
node_752,53,1493.6314955152352,0,-0.0010315794479993157,0.005262810586427038,-0.013573963596945151,-0.009776143719334078,0.009921331930023463,-0.02003474785406583,-0.0006405886058767795,-0.005815062496336669,0.001087273509192659,0.0,8
node_753,42,2121.8370317706376,0,-0.0014298569960379433,-0.006754464902421473,-0.005466107430611186,-0.0038208107831139092,0.0010812649119979194,-0.0039028286797872635,0.0028793689568882143,-0.007161839055179767,0.0011290380288972682,0.0,8
node_754,58,1707.7999010304316,0,0.024283581306708036,0.018032033677791354,-0.02377208555869246,-0.010880012694789748,-0.021676773059476497,-0.030712904567711998,-0.02242806726211789,0.020614116003158215,0.00041446225084985856,0.0,2
node_755,39,1865.0003229578624,0,0.007149468616315154,0.0006983852413616981,-0.015769268219089486,-2.8409528466449368e-05,-0.011432982357622516,-0.0011679840547102398,0.004660673848471869,-0.009254926917314261,0.0009978306360314923,0.0,7
node_756,14,2797.5529339535137,0,-0.014908136872704793,0.0007721368081725803,0.015131715096609608,-0.008136505654517994,-0.009974435540962648,-0.010525726688287306,-0.007873055154646426,0.0025260881730116637,0.0018969310678081787,0.0,14
node_757,31,1483.4991756830475,0,0.017378010142286425,-0.027762350720988208,-0.015267526865788188,0.012028179863660908,0.0182193041006477,0.0037750908019077638,0.015770382344621168,-0.00284510560237022,0.0012809985077284287,0.0,9
node_758,58,562.4117455820826,0,0.018911372328851404,-0.005481393789976881,0.01025424163015684,0.05158196522450463,0.009180045863423275,-0.005194848524917553,0.002830394842378559,0.012120861873794549,0.0007634291423356126,0.1,5
node_759,5,768.6890676075018,0,-2.1807747205719423e-17,-6.35401657894787e-18,-9.929127182388359e-18,3.6023518379902336e-18,4.849820161127744e-18,5.814767667294417e-19,-8.704683398287186e-18,-3.56271492912672e-18,0.00015012760846719713,0.0,0
node_760,35,1366.001704383957,0,0.0020471892741042172,-0.008103149042172571,0.004802130049593484,-0.014324255076868568,-0.002950218843273067,-0.008575309888638033,0.008374207259643373,-0.011086243260549775,0.0010822906787102847,0.03571428571428571,8
node_761,23,2435.530533126081,0,0.0006129400117977646,0.008371590376274508,0.013347043660412288,-0.011231324525170124,-0.01922071560827068,-0.0010668064992541387,-0.00802263520819115,-0.007103726577974049,0.0012267878288583338,0.0,9
node_762,29,1849.4404513924933,0,0.0071204694095027355,0.014219401264440828,0.004838564051953942,-0.018354519097349017,-0.024174634401035833,-0.000825491253674451,-0.01351594116415044,-0.007019532523859025,0.0012576911361030106,0.0,9
node_763,43,2075.994513514991,0,-0.033106304011590405,-0.04637961556592223,0.004924616490560357,-0.016457567014891386,-0.01749877682356296,-0.01798148664563285,-0.006922985138956589,-0.033145892627808725,0.0002918160667452886,0.0,1
node_764,11,1478.811128208296,0,-0.0028075560141347334,-0.004375376628649826,0.00725729349589884,-0.004920446471784215,0.003054140827748422,0.0044350421679630915,0.0010818946431820338,-0.01220811933702265,0.0005066437595158293,0.0,3
node_765,18,1934.661701156395,0,0.009611998006242552,0.01835140187633664,0.015056918467661606,0.02565476647658186,-0.0051967849581161475,0.00997161531459215,-0.007115867648871056,-0.007678037341117094,0.0013792749162696107,0.0,10
node_766,47,1098.5181952241433,0,0.005497041610824771,-0.013460744178842186,0.0030711857951774865,0.02196823173354803,-0.005499001026662252,-0.003908559849946746,0.0004908905012724341,-0.00032579874046979266,0.0007237344099707468,0.0,5
node_767,12,1452.8342694751111,0,-0.0029160447141370373,0.01323456926004496,0.012478092858525055,-0.008157197837524235,0.014630417634567844,-0.014312918746961419,0.0009683469784827423,-0.0030711265373350167,0.001208959026583715,0.0,9
node_768,9,2545.5027936110027,1,-0.005453750314163269,-0.003921074951654776,0.002005564778539072,0.02015445411987366,0.019022709505569845,0.013606640794192739,-0.008719156874054761,-0.024148096886449085,0.0005351643991094361,0.0,3
node_769,10,3581.629180109983,0,0.015548817364651267,-0.001461268784411023,0.005813331691708271,-0.013095076620856343,-0.002445723486216938,0.0028137810616317618,0.011244436481147648,-0.0039879403177534144,0.001251720913675199,0.027777777777777776,9
node_770,58,1352.8286532605782,0,-0.019784730574478177,0.006353372120602261,0.029132151509877108,-0.0012068221627945948,-0.013764980372672403,-0.014820290862440055,0.0010771938914779025,-0.01893444824843455,0.0006476151791532905,0.0,4
node_771,44,566.9652710174933,0,0.010034075452873973,-0.0021391285208540232,0.005940189778373567,-0.0038901484050052107,0.0069969186543787235,-0.009617130335670658,0.0009944581023459997,-0.011146232401935102,0.0007693268653472867,0.0,5
node_772,17,764.5197440775241,0,0.0022321919220620245,0.008627127666656586,-0.003323370102879551,-0.008246361678682283,-0.0010954035667313897,-0.014118026349838818,-0.020322204140738376,0.0024994768208691383,0.0006370169150022163,0.0,4
node_773,38,531.6227107630818,0,-0.006151753830920978,0.014090550260478459,0.00466731811120093,0.01919126514790648,0.03410637151011881,0.007533680648949266,-0.007777050697369517,-0.002462161069062898,0.0010613413657643324,0.0,7
node_774,7,2088.783150438181,0,-0.007362427796944227,0.03230467280917226,-0.018249955623105128,0.02026773327782221,0.019210977810992923,-0.02044455650037951,0.0018741427291431192,-0.010875985555671396,0.0009014780137632267,0.0,6
node_775,46,1105.9073186593237,0,0.0042896848253773275,-0.018775352678701066,0.012545267222278346,-0.011109364177329741,0.00268471911023334,-0.005055218900345672,-0.020939360085777934,0.006343029105215844,0.001395332196441995,0.0,10
node_776,13,1672.8975462135638,0,0.03414126977716337,-0.0005522177894881358,0.00484915180500227,0.005996510117884909,-0.008225473818599048,0.0049567495361918495,0.013489805706720362,0.005762098530351214,0.0010374163087300246,0.0,7
node_777,40,1519.6857101197595,0,0.0020871417120027456,0.0067423356836116615,0.0017336905473279028,0.014633273828430172,0.018969248706907076,0.03718609826530074,-0.0021122430827969605,0.0011900317852424768,0.001039317954675589,0.047619047619047616,7
node_778,42,627.5633221345508,0,-0.010890897408503379,0.0033324425180118137,0.0074642569348099,0.010035492914574302,-0.006334290413539787,0.02368503516224516,-0.02781965032990874,0.005529352245075654,0.0008660548593561292,0.0,6
node_779,9,1274.4140784126596,0,0.001857007557479538,0.00032565080726561343,-0.0004765281539645276,0.012400090356916046,-0.0019121229552142844,0.0021095139930092212,-0.009597287516043607,-0.012922450209689596,0.0010124471649975322,0.0,7
node_780,50,873.7715136655623,0,-0.0024294655186421175,-0.008754765115211841,0.0027974949861454394,-0.016572874704722587,0.0017705823368974938,-0.006854702242082472,0.0015384717079278798,-0.005821235193883803,0.0008732542974263945,0.0,6
node_781,27,1312.9579840987403,0,-0.023016960143702126,0.020862608583856898,0.06339514165890109,-0.002909624205643082,-0.007340502012059622,-0.006684289146152608,0.05259327552877887,-0.0332960900542862,0.0009526137890507841,0.0,6
node_782,58,841.439652299664,0,-0.0040703838889437766,0.012610898092409147,-0.0024677788159581694,0.006659688241624623,0.02033356095714057,-0.023725372227717676,0.004989477857676326,0.004325221331474546,0.0013131916134817647,0.0,10
node_783,2,3253.1195120293746,0,0.01570475056470464,-0.00491412617652776,0.0010023663288436621,-0.014765782144590128,0.0013360680328073733,0.007367362486466455,-0.0006079521859392301,0.003933411391228989,0.0010964331718163324,0.03571428571428571,8
node_784,5,787.091894768587,0,0.004628000193830347,-0.0037539247300568904,0.00436756506279649,0.024617728098042236,-0.000519668535523854,-0.006002091427879123,-0.005070447812331375,0.0010450772231961703,0.0012086463081188352,0.0,9
node_785,29,5357.87377952594,0,-0.003584576103185105,-0.005213625788887299,-0.008261249375886884,-0.009999028144043716,0.010398943648444164,0.004800526903623827,0.0027481626222472326,-0.022172019993715274,0.0007668184536212545,0.0,5
node_786,37,1306.5435336819014,0,-0.002288493940750083,0.0020407897422746045,-0.01895100840305902,0.024041406832263357,0.0014444531129199955,-0.007135307827198768,-0.0004815109721191431,-0.008772692057986935,0.0005054374720962995,0.0,3
node_787,38,3308.595127625015,0,0.0008053995630729981,-0.00447384861204633,-0.01757961826888078,-0.008306413638915903,-0.013039783859238818,-0.00026008165654576644,0.014535595473872186,0.006716895036896707,0.0010983430643379181,0.0,8
node_788,19,1986.3792560319123,0,0.018041380074525645,0.01821956674022353,-0.01270177192480824,-0.001097353893663213,0.02878631411803553,-0.04822493094654447,-0.008285293736268885,0.0034999938370506487,0.0004223324413407609,0.0,2
node_789,8,2494.0223138147994,0,0.0023318442566770204,0.000306783522725182,0.003982884150574961,0.01622232396187908,-0.0029474891338396756,0.014165207419148096,-0.005905530259870235,-0.01428742561939962,0.001021525248333699,0.0,7
node_790,48,2689.7427159875447,0,0.006629915114693443,0.0060329525774245885,-0.006444294328820645,-0.0015560615549070126,-0.010916939443771367,0.012585014999499704,-0.003839701809144113,0.015501707544781904,0.0015439396629100932,0.0,12
node_791,45,1554.326293385671,0,0.016835467908702013,0.0014138640129243256,0.014872850048009962,-0.008646654469044507,-0.014788254569252124,-0.016783300820215855,-0.01791223701262561,0.004494366549802248,0.001020891557438932,0.0,7
node_792,1,1675.5945571387845,0,-0.00045852305853800627,0.010556860374065113,-0.007168876281734071,0.007099308817919148,0.005350052764067413,-0.004978178477613727,-0.00015262110687759784,-6.303837756922665e-05,0.0008607859170312142,0.0,6
node_793,22,1582.3072289999086,0,0.0047457128813385195,0.013264318622058218,-0.004070721207267934,-0.010341117438477649,0.018161168106094777,-0.017849571667288906,0.007079702112834925,0.0007982348866462664,0.0008584889333719935,0.0,6
node_794,52,1830.3104510984083,0,0.006139113671936056,-0.004045929865845925,-0.01421062323543675,-0.021905096391983465,-0.005653230613008174,0.006274031382740689,-0.01436243562598072,0.00020148162531201649,0.0006315657987283302,0.0,4
node_795,17,544.7526793142847,0,-0.01847496424355656,0.007368539336428887,0.015532842600558311,-0.003967329715842765,0.0036420416027024695,-0.017260480396522282,0.013951248507599344,-0.0026003355531085673,0.0008658977775204484,0.0,6
node_796,7,1255.0680561685058,0,0.008540911866055297,0.0037065580765964245,-0.011166087246818477,0.014118942445731406,-0.005926041857837689,-0.02164212331548491,0.015865159955481038,-0.010418347429042385,0.00099572804362999,0.0,7
node_797,25,1897.8251792833864,0,-0.002901298631804876,-0.0077914700445528475,-0.0054535633019326514,0.01211024151776976,-0.0002450241830228726,0.013381132010696482,-0.012996652849639474,-0.011429271918075067,0.001605594829153232,0.0,12
node_798,45,1865.9236671017632,0,-0.012092004076440772,-0.009122985149557323,0.005430056703083611,-0.00321033749016558,-0.00790420917152151,0.01119590146713151,-0.009894613810030019,0.008390195128937572,0.0018090770361177443,0.0,14
node_799,4,2862.236607279601,0,-0.0014524176979704598,0.007064936553746542,-0.005867889845621041,-0.004534289117458316,0.002970792629268142,-0.01101656178196758,0.010111891565950706,-0.0011289910076825343,0.0015740797965559028,0.0,12
node_800,36,2096.3568970935903,0,-0.0020184551948026243,0.016858312974988496,-0.019117863579866286,0.019029056066032116,-0.009572514431459149,0.032840759573635164,-0.012442146007983284,0.0030570414534335935,0.00039202950080972633,0.0,2
node_801,6,7767.678043305492,1,0.0059463732442548035,-0.015122137755176006,-0.006246302912882153,0.018717992003522334,0.0014868922215455418,0.011181092944603439,-0.019118012489790222,-0.016000878981451,0.0011347594463955327,0.0,8
node_802,31,1000.8079404858504,0,0.004775834569405811,-0.0034405949866569523,-0.017628161685953138,-0.014044968837331704,0.0021445657093342183,-0.010214278812766438,0.0026370880041907646,-0.01228151025356666,0.0014776500491215055,0.0,11
node_803,19,1167.4421982907356,0,-0.004583878959634544,-0.002664020227286676,0.0020933049430992357,-0.009621352619445906,0.008147852373906783,0.0021435461487073226,-0.01660891254990444,0.007554552875996518,0.0015598996056975724,0.0,12
node_804,44,1226.3903242145734,0,-0.0007097070209612197,0.0031958475960551236,0.0029518600919861246,0.021233788737963544,-0.010148157159997943,0.0006626563523649431,0.0022323545790897156,-0.002415176910259267,0.0008453607657319339,0.0,6
node_805,54,1440.513429197818,0,-0.012681431701518076,0.0012385239921712309,0.006707376476145765,0.008110385266633756,0.005384487169876219,-0.003525458313415521,0.0135488661377101,-0.00804351626414425,0.0007566787741326293,0.0,5
node_806,39,3211.815567523241,0,0.011613284730089919,-0.0023765603575482057,0.0026878707740390258,0.0026966789727677553,-0.011058485659608885,-0.0063177849779478355,-0.00567445372071284,-0.0028119202025722444,0.0009896696793335485,0.0,7
node_807,27,903.3730977652576,0,-0.011532812576130822,-0.01805056032460855,0.007115043610844742,-0.004254861227600743,-0.00047013486697960647,0.004978103361835689,0.002592479079224032,-0.0225530877016434,0.0008801774523799857,0.0,6
node_808,10,2744.165227089252,0,-0.002360768381642615,-0.014683487711061247,-0.01130474592554353,-0.0028619059349258673,-0.007253274232369783,0.008395437543966433,-0.0006303919286531701,-0.005902667652794884,0.0010968190396574956,0.0,8
node_809,26,1279.572988219233,0,-0.004941805623315369,0.0069423458802775765,0.005173945205015714,-0.0023875078355302384,-0.011785759188914743,0.0015689978488961454,-0.000523412445352623,0.000533306132932723,0.0015650295663503394,0.015151515151515152,12
node_810,19,1881.4099730944292,0,-0.020362369442736443,0.018712408147828815,0.0487826787294685,0.002043558656653793,-0.004226863639282735,-0.014906581713548202,0.02525624593871734,-0.02519875972366591,0.000918104665448315,0.0,6
node_811,39,2001.7133913582209,0,-0.002429855053010402,0.004725053773790729,0.016989714878778216,0.007063572460884888,-0.011480932635158177,-0.0003952183349581668,0.037936300798494055,-0.0017526615216674384,0.0008685589669444871,0.0,6
node_812,3,1199.8510392369603,0,0.005804825420702843,-0.011645567682866662,-0.008701607450777353,-0.003586419852768606,-0.014186030865793377,0.0025136831324009314,-0.0015203927313562479,-0.004364675889047477,0.0010933339560409811,0.03571428571428571,8
node_813,45,1578.0520022640555,0,-0.008812690554445305,-0.00845405865312593,-0.004784511667223587,0.01706450086504367,-0.01858012451726639,-0.012834332434869394,-0.002463662569347525,-0.004650574653824182,0.0007387467705722349,0.0,5
node_814,13,1299.1753534896927,0,-0.004754425932373935,-0.007575341098828136,-0.007174262897906035,0.025049199862827436,-0.001923024654554559,0.014193644141278263,-0.02010727571492528,-0.010778043509193801,0.0009052413766725937,0.0,6
node_815,50,607.4579590404187,0,-0.006250120169274336,-0.01197718120578039,0.002436294320704568,-0.013410686157357932,-0.005563929792164911,0.0002065455041256092,0.0078603844456636,-0.02704760541197459,0.001042387939566598,0.0,7
node_816,28,1362.1541861593512,0,0.007706270679834568,-0.00573697405465986,0.008159882012055334,-0.016765659027852847,-0.020648418989269304,0.010118909658967458,0.0006047548050520667,0.002852067076184968,0.000745127648864028,0.0,5
node_817,58,653.7027067352893,0,0.02219896471334266,-0.01758777870869601,0.03189935650043129,-0.026829543934823716,-0.02714833960055806,-0.013009919295162866,-0.008890307390186213,0.003856467420364485,0.0006672595241989285,0.0,4
node_818,20,1278.8432457275194,0,0.015633978160408724,0.005761668672554834,0.003690337148580923,-0.013159616129973982,0.013752249691328733,0.016162119380697684,-0.0032249980591773086,-0.003236471108795899,0.0007421214995478721,0.0,5
node_819,28,1848.112432732304,0,0.01281234576066932,0.020840586582945228,-0.0232624301555331,0.005935273329894824,-0.008601913665103602,0.0060652957756863685,0.00316721582986507,-0.003539938965288064,0.0012469160808033285,0.05555555555555555,9
node_820,8,1799.162660543931,0,-0.008651795464694098,0.011375820929991535,-0.0034259501679681456,-7.4587637632577e-05,-0.01105684066106173,0.0005310762137104443,0.020076358629897387,0.017402458315723384,0.0010079607344596116,0.0,7
node_821,41,2129.823767689028,0,-0.015922045262994344,-0.001572940684252182,-0.006487339884616748,-0.007521253957608813,0.0064262862460538785,-0.0011952746423369578,-0.00026257329442181846,0.003599807294309787,0.0018208424179088922,0.02197802197802198,14
node_822,39,650.164004157217,0,-0.006783126138273862,-0.012403652686883607,-0.006142750602125211,-0.0002660130199131628,0.004310693762489465,0.005478921686815371,0.000715700109782432,-0.008982882770493564,0.0008558414051858157,0.06666666666666667,6
node_823,1,2083.8605236370536,0,0.0008669897440498213,-0.00909845621136533,-0.012587896722649775,-0.00031053771442901773,0.01943685554440545,0.017553545637340434,0.002754750666142266,0.001165696985409026,0.0009871539468688274,0.047619047619047616,7
node_824,3,1061.2724943410744,0,-0.014738299674484099,-0.006711130105825115,0.0029332690463162604,-0.010570292453561236,-0.007801405389941862,0.00628011818161187,-0.0019845032302473345,-0.006325836994882121,0.0018556279617403873,0.01098901098901099,14
node_825,13,1263.855195273089,0,0.008904743725762885,-0.014217186302365811,-0.002694124516652817,0.0005858664252046804,0.009371147727297231,0.0026545389031449595,0.010743495152170143,-0.004425001870458882,0.001260749295849124,0.0,9
node_826,28,3427.7471340571888,0,0.0038999807129040287,0.01727061823264216,-0.0183811911755896,-0.022764531165458225,0.008676219961710132,-0.016806965015058812,-0.008358968576645002,2.6136283183016477e-05,0.0005200538603770734,0.0,3
node_827,57,513.6071380619213,0,-0.012766606051893366,-0.016086439284949034,0.0012389485767237503,0.0047768108013323185,-0.004124617023567597,0.0009198316254199362,0.005899526447857482,0.010656667040000262,0.001254667452255031,0.0,9
node_828,49,1831.600953110946,0,-0.005210022794964163,-0.007124295805444172,-0.007017678792346017,-0.005057080261313254,-0.011822226143035724,0.005065084124231328,-0.007399961631575744,-0.0014729571461880966,0.00037912948953350593,0.0,2
node_829,25,1869.6212590190169,0,-0.004605002411385306,0.0017158580457168851,-0.005668397495889334,-0.007806826728627827,-0.0026436674914981015,-0.002882397323207518,0.0002105074755248381,-0.004708440642508744,0.0012072831528668936,0.05555555555555555,9
node_830,56,1257.911034545829,0,-0.0037736696089055452,-0.003821304544203973,-0.0038909338972384386,-0.012338320737067567,0.00956347716302445,-0.007772767034846136,-0.019438190448324927,-0.004193023835611307,0.001006900979077798,0.0,7
node_831,33,905.8006375036884,0,0.021577565350336694,-0.00040743590317082463,0.01722543631788706,-0.021022640258542353,0.018831878971338135,0.019840079472579465,-0.0043804215346527585,-0.011318291560591224,0.0011651147927353455,0.0,8
node_832,38,901.1801631980384,0,-0.0011604336166584274,0.01645382181132167,-0.015230268861765955,0.016243511397195196,0.006175940122160255,-0.01275410731169381,-0.00941282422048266,-0.017942862953940913,0.001978451439932996,0.0,15
node_833,53,3727.49805054607,0,-0.0017525388710570957,-0.0030326405844383324,-0.008250119324943414,-0.007429461674495436,0.010205466606915946,0.01976467662130212,-0.005097213965124134,-0.006580986270673513,0.00121650162946081,0.0,9
node_834,6,1375.159997253938,0,-0.00010213583834558487,-0.00013135356305504797,-0.014850658788786717,-0.009524975206354654,0.022473523432573164,0.008439994993517596,0.025404890630335998,-0.015427099253171728,0.0008178550419398493,0.0,5
node_835,58,1102.7087837439913,0,-0.019635946237172887,-0.00084446155200245,0.014261666291765106,0.0011472989236240149,0.001792935366308661,0.023935047301891183,0.004331021147958664,-0.01057786305488145,0.0011312522165578516,0.03571428571428571,8
node_836,44,1393.4253110419763,0,-0.0143629014427606,-0.013126825030258667,0.005530884432460391,0.0018448624771147005,0.0027294788196748437,0.004672441986686848,0.005682700040559403,0.01294248256866122,0.0011182686874510537,0.0,8
node_837,45,2160.225590477662,0,0.008556610650329118,0.020550788023070952,-0.03165818887627799,0.0073984521107579105,-0.008828587812210305,0.0031221070440349066,0.0022663088882751447,0.004553713362360179,0.0008803703459209933,0.0,6
node_838,32,736.3086153778265,1,0.014620396290211843,0.0198505286899041,-0.00498047192574607,0.00908778130124704,-0.014275842975165943,0.040936772123211486,0.034398839723953016,0.030580419173738424,0.0005248036929538426,0.3333333333333333,3
node_839,45,1395.2122095413747,0,-0.0077183326617531745,0.010248752740692793,0.005150194865132298,0.012715794303961121,0.010368807586150554,-0.00155079361840753,-0.011639452769579312,-0.00905016329076772,0.0012342303162982664,0.0,9
node_840,47,1829.6769745452575,0,0.01275913337917737,0.004438993800091842,-0.006925460423437338,-0.0010230404303586882,-0.010756931978517235,0.018506383298116488,0.003630927935560916,0.017082036192538654,0.0010840227404520912,0.03571428571428571,8
node_841,21,4951.689985053832,0,-0.016316700360487987,-0.0041068025332205325,-0.01225358558423429,-0.006858230644378454,0.004558531610587044,0.00903710576634252,0.022048024555548898,0.05182811389580994,0.0005136189230469086,0.0,3
node_842,16,936.5872115961082,0,0.0032878669841670638,-0.006525029852733207,0.009248943568320856,0.005033593383187341,0.005928026068678865,0.008544933255511174,-0.009176422252344546,0.006089057333895688,0.0011311929161271252,0.0,8
node_843,54,1167.6756214848483,0,-0.004641262085515219,-0.018235121684915163,0.000454633235124681,-0.00927445896250282,0.011260245910276261,-0.002809174820628743,0.013644119002739262,-0.0344421006024868,0.0011423703068628593,0.0,8
node_844,21,1215.5027049794787,0,-0.002504672920848533,-0.00922328898045302,0.006858495681950483,-0.008867057762687732,0.0015617239601989554,-0.004543878395337577,-0.007904115455036267,0.004704138729120055,0.0014502655354897442,0.0,11
node_845,11,1895.34930116364,0,0.022885092437769268,0.0021777621527623394,0.012753669373791408,-0.01691597061169922,0.00948517194717875,-0.0007750629659420867,0.006512550485240072,0.00686613910792992,0.0011138906727833013,0.0,8
node_846,37,1161.7908916496503,0,-0.013584573335897021,0.002104795804736394,0.011981830592225975,-0.006176378173229602,-0.01648551189124031,-0.00693853858574536,0.01505580138122986,0.01563014601764052,0.0007548706728233731,0.0,5
node_847,36,1643.784233547328,0,0.013678826980417577,0.006229260187117127,-0.016303541506104618,-0.0103954187403725,-0.007761235938199201,-0.0004094794404016396,0.0010592874381562506,0.0035447870185210555,0.0011026584836910176,0.03571428571428571,8
node_848,35,2783.4483330720686,0,-0.004503860587769478,-0.003146221855204137,-0.011591901257537666,-0.010000285778064817,-0.000749843149904733,0.006170607715497994,0.0029971981365556955,-0.014563825863207714,0.0013320360800779182,0.0,10
node_849,19,2333.131814489549,0,0.006315264684470094,0.013855951756529646,0.00014105079344610386,0.010428671124330314,0.009777220288010568,0.013787619344914747,-0.016351173549977747,-0.008135324607070886,0.0015063585258809594,0.0,11
node_850,20,1386.8843609714509,0,0.004900875041691752,0.029703789465267163,-0.024330939082884563,0.009767487206723713,0.0038144574112693617,-0.015645082762649122,-0.007200320061561441,-0.010860106640558973,0.0007611068199470227,0.0,5
node_851,57,3495.036799444536,0,1.6631828766173243e-05,0.00348248555258602,-0.011737430185332642,0.022762383701245118,-0.004362426512979126,0.004020080211266047,-0.013769009622365871,-0.009266385152453715,0.00108747224700775,0.0,8
node_852,18,1725.1441310454954,0,0.008276121214927318,0.01547969273942649,-0.014107020033313926,0.024288800508034242,-0.0026098640536401057,0.0036358307869088537,-0.009573082948372127,-0.012722503026509813,0.0012517955304165895,0.027777777777777776,9
node_853,47,1664.4861705682906,0,-0.0009911244674353607,-0.001637995189680919,0.006010834041226976,-0.00942313508667101,0.0013166657958179452,-0.0013170053734521154,-0.0007159078426130918,-0.007371887219954122,0.001203500815902924,0.0,9
node_854,41,552.178757511564,1,-0.006851976043735203,0.00031515176039271446,0.004125822056200326,-6.621768632078688e-05,0.011766151945717146,-0.013852696185781438,-0.00014570986029200573,-0.002274408619792671,0.0019084338305883426,0.02857142857142857,15
node_855,49,6979.195385440078,0,-0.005620654824470342,-0.008161025214046566,0.0038229505997206172,-0.015855221232609216,-0.006891062384787007,0.01091853795493769,-0.0012913916808806748,-0.01234510018970386,0.001244576282263294,0.0,9
node_856,14,696.8225023472748,1,-0.0005053796181838027,-8.60352233337721e-05,0.008771467858164236,-0.004226833340681691,-0.005015500332781379,-0.001443250581489449,-0.02297404628933238,0.0036058151183763713,0.0006407365341710703,0.0,4
node_857,15,894.251841793405,0,0.0018463670340367827,0.012554374202189853,0.0016912345944345023,-0.000838846603863528,0.006521327005679211,-0.007997310322642247,-0.014033116198918102,0.008808934053466767,0.0013174374832340054,0.0,10
node_858,31,579.6215538655117,0,0.0003001334511924412,-0.008017505312378456,0.01125913822206962,-0.0014357816267861218,-0.012083987738929602,0.004779791648884947,-0.005301826656913659,-0.004477897142566729,0.0011029432116560554,0.0,8
node_859,1,2032.4892331693843,0,0.006411506592955335,0.014154438992989337,-0.022531955808788445,0.019700522103807728,-0.012476828509307696,-0.01401892659869947,-0.0007356768131496539,0.003731154832155413,0.0011210330981874593,0.0,8
node_860,53,881.760118767733,0,-0.006004332412613141,-0.005082621370490327,0.002969647311061097,-0.014935840860676793,0.012633835293051726,0.002980729405443733,-0.008968650727365447,-0.02195708337206289,0.0006826733014721198,0.0,4
node_861,54,797.6955011451807,0,-0.028523463757074926,-0.020816369320440852,0.007388953159020951,-0.005198412304945647,0.0229820211668262,-0.007856369590782631,-0.022737416409842105,0.03677037910328983,0.0007763194185136126,0.0,5
node_862,54,639.0870016529495,0,-0.011498124225059535,-0.00425438954228678,-0.006666583118120126,-0.0047984682732222965,0.004898647905208069,-0.0001429395448073656,0.023370595986074032,0.0139206890931979,0.0011044198528328288,0.0,8
node_863,3,663.565865090489,0,0.0031436618719491755,0.007600927604265221,-0.008464538014157854,0.008596261728514153,-0.035346042407615776,-0.011041558027101371,-0.020595544401832092,-0.02827329476943136,0.0009242444500127441,0.0,6
node_864,16,1818.0253707366137,0,0.00913052691687738,0.0030151179073032676,-0.009069240994884068,-0.011444374742445045,0.008364524182659117,-0.001335084411043278,0.0053867096095340915,-0.008210882172060466,0.0013458325457847908,0.0,10
node_865,23,2248.1278249383377,0,-0.02208876836153931,0.0070830071092815436,0.01049474309779068,-0.012031352141925258,-0.011302993298105898,0.01840209193295884,0.0013254789615103507,-0.002520172966292896,0.0005145254872116335,0.0,3
node_866,57,1259.7001771445755,0,0.00439884544517245,0.030197100646411647,-0.03343700016484856,0.0316094858632285,0.0006758038134479649,-0.026445427547031514,0.0022682691378137416,-0.008198484131047729,0.0005280441100095675,0.0,3
node_867,11,1480.5928504625035,0,-0.0016842902619807357,-0.00840126676726221,-0.0014901395303039734,-0.010009453480914013,-0.0010412036929834192,-0.003995228148839035,-0.011389720912163087,-0.004007468317125949,0.0012039957988240397,0.0,9
node_868,12,2237.389320058888,0,-0.002497651822033984,-0.010550230367926607,-0.008126202092267472,-0.015909252463841683,-0.0022410164758815887,-8.977824804259987e-05,0.006693147537746606,-0.0037877471430095497,0.0010087009619658884,0.0,7
node_869,10,526.2988876501006,0,0.00023459203784149404,-0.005127202142071273,-0.017569678010250746,-0.000440467696623353,0.00032101120081919245,0.004275936609195136,-0.0032577908967188762,-0.014131977871296384,0.0013468018548356065,0.0,10
node_870,32,1085.4155283365412,0,0.0059312959028534245,-0.015817373195954738,-0.0019833159574988526,-0.002203957512387962,-0.008240799827128293,0.006396955509535525,0.008607142431889182,-0.01233195186924766,0.0013902039184343327,0.0,10
node_871,16,5923.3179215318405,0,0.012442482818605844,0.0203818368005725,-0.011756464811846863,-0.02064245492286157,0.010353388068289754,-0.03732495696705893,-0.024531629966339095,0.030939728739617672,0.0007960277538747213,0.0,5
node_872,8,1801.651725459899,0,-0.0007188134772821754,-0.012435896195873583,0.002331785169230291,0.01836677099405122,-0.006398440083230504,0.006892854257819058,-0.02515552536617047,0.009869807232453925,0.0008665376152484526,0.0,6
node_873,38,939.9961543109748,1,0.001550873749953564,-0.0018440570189417502,0.0008128233313530719,-0.001960202483509027,-0.02143227235646219,-0.00560776684850112,-0.013600382928590735,-0.0029344932876604842,0.0008562189039107661,0.06666666666666667,6
node_874,12,1606.369924871214,0,0.0009745492811111457,0.014231333292851894,-0.006852168299625274,-0.019243438154242228,-0.014483589191345925,0.0031370285726981515,0.008255505952162928,0.009803584158006178,0.0010091786459873989,0.0,7
node_875,24,1129.3159762865616,0,-0.007432244075027755,0.000711245080446323,0.0004290293991160346,-0.004962569021023168,0.00037623948595365254,0.006129538022422983,-0.0014218928963998696,0.009608714511366245,0.0012016863244219045,0.0,9
node_876,28,1639.7159007893968,0,-0.009837264770266974,-0.015422382777407971,-0.005137704812765227,0.0027929493758217113,0.0017036416493595048,0.008255352504904653,0.007032345623147076,-0.03409299872554304,0.0007831262723649035,0.0,5
node_877,53,701.5687909569283,0,0.0003212773167846175,-0.006413678065348429,0.002527497026397028,0.007894963642250783,0.0005872028209729406,0.003528443053355171,0.0064354282377848985,0.010879401019260562,0.001447760505794199,0.01818181818181818,11
node_878,8,713.5808560107027,0,-0.01384213135486106,-0.002423490633825344,0.009893528869099623,-0.02174056376629331,0.00852680385110993,0.013795796945451562,-0.00837755646486049,-0.01868905173906414,0.0005026256934686568,0.0,3
node_879,58,732.4256328725295,1,0.011810236376206661,0.00982627949913689,0.010909262059033953,0.050497704226253555,0.011951421208956712,-0.005809156620845828,-0.004962196829021725,0.008464689008048623,0.0011379911594145017,0.03571428571428571,8
node_880,28,4715.617625409176,0,-0.0025901158004815457,0.016510803666824406,0.0070042308891301005,-0.010378167040328755,-0.019822743988185003,-0.004427278417804352,-0.01745726661252144,0.027243053716460693,0.0007918860532958373,0.0,5
node_881,36,2480.1921638526755,1,0.005055736488381141,0.014030384217706514,0.010308263534191892,-0.006506439973225638,0.010201172728503067,0.025910005958493892,-0.012675962401302782,-0.020907336044532394,0.0010757620436326683,0.0,7
node_882,26,765.7895058901443,0,-0.01014339393538212,-0.004008056593379927,0.009295413400560589,-0.0013892227311549583,-0.0017545070422673639,0.00040061898726419286,-0.003814306682684917,0.0043631815874909125,0.0011178080037092196,0.0,8
node_883,8,813.027406057789,0,0.003719822494898284,-0.0011518618478680654,0.0019301652142918345,-0.01048220179957398,0.014100840939796319,-0.027439509395386162,0.0073491159670516495,0.00045415143978361704,0.0014770928020797023,0.0,11
node_884,58,2468.615266716705,0,-0.001575052164598786,0.0053233380107242205,0.0013199427240048103,0.011152257139996201,0.002946791743311128,-0.008810547810556783,-0.0002758934008906798,-0.00010246385141302011,0.0008538370546614905,0.0,6
node_885,50,754.695398198471,0,-0.001954092963311124,-0.005232933356122059,-0.001832475366940818,0.010384401279027882,-0.003096600239354428,0.016287137299318785,-0.0008390980386757831,-0.003515303808707165,0.0010847156918356322,0.0,8
node_886,28,900.9592051450074,0,0.0045158538569413055,-0.0019982355679055413,0.01203658962830099,0.02307554095873447,-0.004585691833507149,-0.00828504153324848,-0.006589350842151995,0.005410759764714587,0.0009640914090062709,0.0,7
node_887,28,5459.383156215964,0,-0.0015274138459715188,-0.0054746990575865045,-0.008552610079481666,0.009387740355604234,0.003768708708624652,-0.004615884281203623,-0.005081066598364059,-0.02293682051763596,0.0007487156988133122,0.0,5
node_888,37,942.173881785204,0,0.007071437666118388,0.015098398600877302,-0.01578128168117858,0.004110450525725907,-0.010448585225349681,0.007884849072253031,0.002663718284577427,0.0037800296970481088,0.0019455784592777314,0.009523809523809525,15
node_889,41,2125.433380765002,0,0.00796415419789187,0.020825971330566767,-0.0063719895041742325,0.003268765083624659,0.008200271816104459,0.01184271919447259,-0.006713707922010429,-0.012711579277009768,0.001253698117258936,0.0,9
node_890,36,6268.741182233567,0,-0.0038696537133415324,0.020346063285037134,0.003916859544443676,-0.00013154289869803462,0.008621676073083914,-0.00017141467704078533,-9.939128476927371e-05,0.020207823049900615,0.0018650360947108737,0.0,13
node_891,27,1203.318633802459,0,-0.006797528250587856,0.007575978177130101,0.0007438312188482202,-0.012921121439851406,-0.0154230404843856,0.00392535859951076,0.012510303022454355,0.011300192332274632,0.001019934299560838,0.0,7
node_892,54,526.5068165866228,0,0.015354021955036079,0.001146007607851195,0.013112945392966186,-0.005911570598914635,0.02566153978130108,-0.02000864259198329,0.006102761291093016,0.0055990828034583814,0.0012571196902730571,0.027777777777777776,9
node_893,17,919.8631255777784,0,-0.0023871958504146466,-0.005741733830638327,0.00255963004896111,-0.005775032276638055,0.01394961812089941,0.002479612636443659,-0.012195118330484667,0.004450578010118702,0.0009931303461319246,0.047619047619047616,7
node_894,9,3165.6952242658426,0,-0.0012757478697277755,-0.011791768264881534,-0.013615778547987253,-0.009090713250519742,-0.00743903178853228,-0.0035137718849772384,-0.0004202228661266421,0.0031499429770274405,0.0012124839852790206,0.0,9
node_895,33,3499.380768191966,0,0.0056958813248313275,-0.020216209114026804,0.014744118875499701,-0.010520866138226384,-0.02989496441947894,-0.01650766934481003,-0.0033413419821220333,0.0132110021768537,0.0004080563669908163,0.0,2
node_896,53,2694.888585508213,0,0.005212842592005683,0.0012052666328099086,0.0030786458867142832,-0.005486793392015683,0.013754998301373007,-0.013821178660645245,0.013050571229188094,0.0033743722318527966,0.0009801924420301737,0.047619047619047616,7
node_897,20,680.0511708410683,0,0.0032363750355297316,0.004678947469347633,0.0007913522778903768,0.0033844706347871817,0.007395503269638507,0.005051523802180102,-0.004546368128145943,0.0018207528275654174,0.0013307830767641106,0.0,10
node_898,13,2880.85703319091,1,-0.0036931350475003528,-0.00035639757590490617,0.0011789522681167903,0.0034159139457768197,-0.011240202498809757,0.005707718998052962,-0.0041198109914810195,-0.004375619751202025,0.0014491642130890715,0.0,11
node_899,28,4264.004300003623,0,-0.00024565238073370743,-0.002259433846557305,-0.0014513698982326927,0.0018175869777716435,-0.005888983602741946,0.005973541620789347,-0.006129838737880926,0.006102701410046577,0.0013607007205214787,0.022222222222222223,10
node_900,48,1876.7236257346124,0,-0.00950027275773266,-0.008278068261375454,0.005605264759424879,-0.01429222885297976,0.0013092053410379606,0.007906169031412646,-0.009933766120371654,0.00904393663105021,0.0009789687296882733,0.0,7
node_901,29,4742.161188571474,0,0.00818638971991111,-0.0006019160092079341,-0.00915174319137942,-0.004331835012339135,-0.016872108915409287,5.6586196498438557e-05,-0.0053947776075312336,0.006659091430584634,0.0011307817997617223,0.0,8
node_902,13,3130.2992147881723,0,0.0002783316981872814,-0.001392851023603527,-0.008681441864631396,0.006012396002341615,-0.005224936344891411,0.014366078936643047,0.008773127946843578,-0.004841136446886644,0.0007487737121934829,0.0,5
node_903,46,2149.290887146588,0,-0.006793599998502998,0.008692881432503689,-0.005681343399343704,0.01188601606941998,6.469249272258475e-05,-0.01002914869924308,0.022310468031761066,0.009569170571118,0.0007682161195434836,0.0,5
node_904,35,1791.2316615430375,0,-0.003577433121723293,0.031016805423602044,-0.009521868024022656,0.0053445336812763065,0.014403740317806023,0.005193145651548783,-0.004190832227789214,-0.003979203626375474,0.0010200843386505266,0.0,7
node_905,6,1142.88644313587,0,-0.010364827855506588,0.011546502006106941,0.007130711383810692,0.005852513468625712,-0.014984310696532992,-0.00851208844834749,0.014526211588964479,-0.0053893336150141495,0.0009124936490756746,0.0,6
node_906,18,760.2582008864306,0,0.003194412817134162,-0.0036805464017805236,-0.0010654437918140908,0.017512553515491504,-0.023598145503082625,-0.025267300567971458,-0.008449362320083927,-0.02218368465407185,0.0010385183215090358,0.047619047619047616,7
node_907,51,1893.1293042018651,0,-0.0021712556201872913,-0.008340746687643124,-0.016248513980628404,-0.0018782198348074243,-0.007803283962660488,0.022419960638297813,0.009617639909875993,0.010410184828705439,0.000747030698653529,0.0,5
node_908,5,1074.3338043086767,0,-0.0016179457326950062,0.0052532470452653955,0.0020325318568164452,-0.007465355639780504,0.007634489636380948,0.003930744153573835,0.0023172135299847642,-0.0016127464810533813,0.0010953521628865495,0.0,8
node_909,47,3519.7917310609696,0,0.007234815782436052,-0.006594104073096906,-0.004114317385034748,0.01839809376459424,-0.008057520628262203,0.010494724022287417,0.01902627719493978,0.00013757522412039992,0.0010166300238361617,0.0,7
node_910,25,8016.76406610417,0,0.04030425828567939,0.036795009123712204,-0.044828000645464126,-0.027203188774601195,0.005158306839032924,0.04922741500532671,0.01491946050278848,-0.021362358583419942,0.0003015551350153575,0.0,1
node_911,2,2594.079307008089,0,0.00584854390593648,-0.005911693047436971,-0.013696363888117132,0.004104951999524443,-0.005806735257329947,-0.005325677356642225,0.011880155327944208,-0.0023016549229879137,0.0010639179574057907,0.07142857142857142,8
node_912,10,642.2602326485016,0,-0.00577489808510434,0.015762062067115508,-0.007645395704879174,0.006523331364324114,-0.0030988013824447807,0.005806918946572065,0.00037200032882248247,0.0003057806940765882,0.0009631656448373402,0.0,7
node_913,56,1010.9611198127316,0,-0.0011449775283751743,-0.0022404483661191865,0.006435512655514984,0.012715593225741981,-0.006437131316284902,-0.003470583133203913,-0.01597445814145057,0.011208248148101058,0.0009638799835841357,0.0,7
node_914,30,673.3008538849067,0,-0.009775893591055726,-0.0007838799359737064,0.008856989949807697,0.003589567656882727,-0.013645130661561356,-0.0016291500208046412,-0.01579929230607094,0.0025285465663384362,0.0009674953958268299,0.047619047619047616,7
node_915,50,2076.927567317829,0,-0.01219849411790914,-0.0017887871982364167,0.00982621711116333,0.011378637342603163,-0.0024726457641557685,-0.003163126692477852,0.0009834807614428095,-0.005803707336963644,0.0009862652611778812,0.0,7
node_916,59,2673.473426662596,0,-0.008884201111403705,-0.011876521203424938,0.005361443381121262,-0.016034712616366176,0.010601898100589608,-0.005619405098543487,-0.018093859882448823,0.006148146591505546,0.001129280132080482,0.0,8
node_917,45,4398.958452047149,0,-0.0025350358542871455,-0.021904467598362568,-0.00513850597786182,0.019057597692442748,0.0038078207914474457,0.01375159360367969,-0.03277520440013362,-0.0074125897255882,0.0007744178961375876,0.0,5
node_918,5,1364.840213500469,0,-0.007254141850559783,-0.005127648485480055,-0.006553356839807733,0.007874383368714696,-0.005716237077460253,-0.0027147342650159505,0.01641666847057659,0.020805423420186122,0.0008509532112022135,0.0,6
node_919,55,3974.655629428841,0,0.0038242247766468534,0.004839659158789759,0.008615882862860877,-0.013209110598685075,0.005584107754733148,0.007107060572592653,0.0018894299338155327,-0.013802078264518368,0.0014991422580018865,0.03636363636363636,11
node_920,56,3654.263739444262,0,-0.006145365330817749,0.004973971432479633,-0.02038132597217838,0.002710129091255459,-0.013801608327283547,0.025729361833488774,0.0035429188352144535,0.02653612208507482,0.0012989265051540071,0.0,9
node_921,33,1072.320522555943,0,0.0011825432932214947,0.024418462215004072,-0.017077689999742705,0.011605768193589097,0.0038086689572598797,-0.010033960055206783,0.002727351858947613,0.0004065334331344084,0.0010349822747272221,0.0,7
node_922,54,3547.699489550571,0,-0.016868458245842845,-3.3188310050303594e-06,0.017676022143947027,-0.0009023813772285921,-0.0021185056417305135,0.007846529848538964,0.016848259275678575,0.0048998126611617685,0.001382634699703942,0.0,10
node_923,1,1206.619716698821,0,-0.016851486112177693,0.003480445591253576,0.012712275947807702,0.003014275614102217,-0.005509016802021665,-0.014359833711142847,0.0017613614422166708,-0.00807084937065618,0.000883719840284181,0.0,6
node_924,18,1028.3186761623565,0,0.006178496957162642,-0.006227855459352239,-0.008586767187673814,0.008009605582802155,0.002474646173305507,0.004557731910488121,0.0012155064469477211,-0.014479026267793248,0.0018498582697629642,0.0,14
node_925,32,2070.772671888075,1,-0.008667290208302286,-0.014238589638070566,0.0025271896209515332,-0.02112984467138072,0.016393378034006253,0.0011149489238958408,-0.012274130891523452,-0.026597390669506664,0.0005349448002702256,0.0,3
node_926,47,1097.096604255297,1,0.00434989171304238,-0.002734970793364584,0.0135617433960255,-0.03169008093061764,-0.012772156182147484,0.008759026060734542,-9.20880577535882e-05,0.005792800523491124,0.0011174554826375326,0.03571428571428571,8
node_927,49,1992.2249258439329,0,-0.004087967799451838,0.002729357387695249,-0.002935990395163701,0.017585828842144297,-0.019970320214998175,-0.013863036620957038,0.02187949289775239,-0.003385909135547612,0.0007536002440139092,0.0,5
node_928,11,1911.766047313511,0,0.008930859714634101,0.00982094795698657,-0.0018102787602883247,0.0079776296559997,-0.01579915957474833,6.015220890483241e-05,0.009752484486976595,0.011068148238072176,0.00197366619596361,0.009523809523809525,15
node_929,21,1743.2404985796074,0,-0.02529806966090846,-0.008256799970844695,-0.00200056688183714,-0.0030259702086281215,0.013801014764690383,0.0226264378683361,0.0010848195505044796,0.007763500875359806,0.0006413417137377127,0.0,4
node_930,26,1218.0694587242986,0,0.001225190822677703,0.0038368743497722763,0.0029185621989953107,0.021558436956447328,-0.0002699907605736075,-0.0066828686203251,0.0067608470960496036,-0.004741997780347162,0.0004906103033772875,0.0,3
node_931,25,1692.768934442006,0,-0.0024530214628005783,-0.01191252883817023,-0.011019640007723411,-0.005940719937391042,0.011514405901646705,0.004257325435637596,0.012174862945149832,-0.0010049437050983984,0.0008631044542306045,0.0,6
node_932,22,1861.3141915433223,0,0.019200704354795713,-0.00422844958121594,0.008451964324573309,0.04671484981544704,0.026308970657417566,-0.006907640515452811,-0.004137343366476169,0.010246143574225399,0.0007798045475852168,0.0,5
node_933,59,1683.452968607608,0,-0.014396459236736589,0.0017141681953413011,-0.004272025704663789,0.004754836312458141,0.006084809114413125,0.005883958192745028,-0.012432223654250993,0.0020163820239156765,0.0007474873607206682,0.0,5
node_934,27,1381.612521299118,0,-0.008193059703649032,-0.011637831226918405,0.0171312504696578,-0.006418195621372892,0.02561259543285362,-0.005520379405450029,0.011134673270754875,-0.008514836142550912,0.0010403782492693558,0.0,7
node_935,49,522.1635226589335,0,-0.002327230128769972,0.013940993420645068,-0.007768946938683021,-0.00663193351366651,0.00731808632069434,0.007194759373797652,0.004925763650806683,-0.013854185603311798,0.0008615062349907148,0.0,6
node_936,13,1826.6856657565468,0,0.0642933641093172,0.003632539616597328,0.03294021958947652,-0.00803322104145614,-0.02784765314137493,-0.014296192888657641,0.0066945219345828505,0.022547827428921606,0.0012606633925263946,0.0,8
node_937,33,776.685646415258,0,0.0010677287444378644,0.005097391750913039,-0.00044246180557726587,0.00014457848520890512,0.00911094584702116,-0.0060932508868446434,0.009688747616844205,-0.011861302961201903,0.0013949808642064057,0.0,10
node_938,34,2043.248659971643,0,-0.007626691986722569,0.011172185023958423,-0.011327812819228386,-0.011368709118248685,-0.0036301608797632313,0.007341925783111753,0.002811889266501847,0.004876883637372818,0.0014878314232230321,0.01818181818181818,11
node_939,41,2636.582170536479,0,0.005829125781647327,-0.0037493490573992597,0.004817427093264421,0.018954120971409676,0.013162056628921533,-0.00027008906730998495,0.010603907479798383,0.011867071032514073,0.0013327457897335145,0.022222222222222223,10
node_940,35,1541.057293486264,0,0.013968745336967443,0.00935482971425158,0.014295733101503349,-0.0016065156189156735,-0.03256407890857104,-0.013036478998529817,-0.01743547490359751,0.006285764185242962,0.0005179846899756538,0.0,3
node_941,1,1672.5206579232008,0,0.007034873544201223,0.016229370236234907,0.006342208260644327,-0.01959916698911834,0.011262917536758777,-0.026163548007284456,-0.011976575533073715,0.011952370065238013,0.0014041121857022167,0.0,10
node_942,21,5038.624264969772,0,-0.016752440547388912,-0.006103499263198909,0.003988537936311131,0.003633269333399342,-0.0017932111520430672,0.01415930036659815,0.005625573513099022,0.016900220008229595,0.0009993026396912465,0.0,7
node_943,48,3317.617732215627,0,0.02600300618469731,0.01909428900829594,0.020643957589778345,-0.02381082908581903,-0.008506848310310408,0.024273418307508007,-0.009119244482593521,-0.00447540397461514,0.0009090546337711372,0.0,6
node_944,55,4184.242935378439,0,-0.0022610815653207857,0.0075401498695091725,0.011162271403786152,0.018169351258008486,-0.0027517374964444747,-0.0032207384934094738,0.00967260069309702,-0.008735471504130296,0.0014843283596651879,0.01818181818181818,11
node_945,6,3021.129319417537,0,-0.002974480339636467,-8.256041408033234e-05,-0.0024825446705703073,2.4759733915068195e-05,0.0023360928354468303,-0.0032984079268858707,0.002027472446688937,-0.029478956920958765,0.001235844150644929,0.0,8
node_946,28,672.9788119275913,0,-0.003470966855351301,-0.0016880730098003253,0.0013363603075494841,0.000306190888304066,0.0008747788393104318,0.0060244734645889435,0.002055824364413171,-0.00044947383506356093,0.0010899908951299013,0.0,8
node_947,17,742.0003707526804,1,-0.02371280277958313,0.022632967900206444,-0.0032577848528265057,-0.01786736325986512,0.015563878034996297,0.010396565249240165,-0.018447631099638102,-0.0006018240959542115,0.0008255517901550654,0.0,5
node_948,5,1621.7972780089892,0,-0.012287749376145449,-0.01651383865158704,-0.004993557483518547,0.003249495022569921,0.0027319214138550128,-1.7068096833065058e-05,0.011194427164154624,-0.03847278403101224,0.0006519787746842387,0.0,4
node_949,31,923.6829513736068,0,0.0006928969548574825,-0.010707291396252615,-0.0036957416988467767,0.007208421020797961,-0.004323766657481399,-0.0027323924420727327,-0.007399403636138687,-0.002672770912550749,0.001675262514791609,0.0,13
node_950,5,1471.3875780086453,0,0.003566400273295039,0.012705097241372053,-0.00046300028763956443,-0.02138541947275491,-0.0048883987188947774,-0.02478837307116277,-0.009999392721559447,0.020155887532982898,0.0006183290726816482,0.0,4
node_951,38,1252.2174789221262,0,-0.028265263789971587,-0.008511612949168284,-0.003466673106714371,-0.00629093350422009,0.0025303952458452287,0.0023829131165703198,0.0011854562345212632,0.013714621665836224,0.0008863301228929578,0.0,6
node_952,3,1695.8102754620645,0,-0.0028935131468613424,0.021323727175843018,-0.004740040748184574,0.0004699813145171821,1.649349179524331e-05,-0.005530792014238881,0.001210084679267857,0.02140796678138862,0.00040273161760906066,0.0,2
node_953,53,2560.8120054558417,0,-0.015441321312302003,0.0192299038422738,0.004974100545343851,0.015530284524372006,0.005435452424899672,0.027658906385633477,0.013683023086988768,0.015359915842321109,0.001145284468637456,0.0,8
node_954,23,2385.48509740964,0,0.0005907545009564237,-0.012474566650080987,-0.009810284965981533,-0.0005752854424126872,0.0003374102216976106,0.012333835375685435,0.0024231481343763048,-0.01139124415610523,0.0009706139686500948,0.0,7
node_955,37,1604.8153931041295,0,-0.020636608202212837,-0.0024315296038804612,0.004097985558168192,-0.004401288805079212,-0.00258969718323596,-0.0024276588891011678,0.019654030790815555,0.009430934597962988,0.0009978548957050811,0.0,7
node_956,53,3092.27658935056,1,-0.004778133164304953,-0.016500632621103153,0.007268439684345855,0.005800336405616065,-0.01601069595340104,5.62714561320986e-05,0.0006010054609198154,0.0041530692693039755,0.0008590766056786156,0.0,6
node_957,37,1345.4487565133109,0,0.0011432002196688712,0.002264436001444424,-0.006201568873196556,-0.0073144259360502385,-0.008862383777760191,-0.003016397041206233,-0.0042656893733682396,-0.0025228324816135863,0.000979376183498223,0.0,7
node_958,10,3905.384368736819,0,-0.004540268345346942,0.030407508464780186,-0.016561400900478366,0.02226096624502719,0.022474683523651347,-0.028308201184420487,-0.0006363886227593387,-0.017882684516133642,0.0007688018146222598,0.0,5
node_959,10,610.9224136017679,0,0.02609351428711867,0.012530442690059065,0.0026701266241924856,0.0014419552002741924,0.016976765163623862,0.016411272693662046,0.014609449283248978,0.009034118124898136,0.0009015473786646189,0.0,6
node_960,19,5140.349444457486,0,-0.022029220678971947,0.01074465098356835,0.004427513308596951,-0.012128023836810855,0.006749045125573254,-0.0027552393506580113,0.006828155899340677,-0.002632609370288468,0.000625724769611264,0.0,4
node_961,17,2094.98245758154,0,0.019745673640427116,-0.008404366160123335,-0.006488308132858861,0.0031095967161032683,-0.02799092183814563,-0.015236342229170767,0.009483136865521125,-0.009427471339392196,0.000637764205768274,0.0,4
node_962,21,1217.2339758047724,0,-0.008922826616946856,0.0003404793183657774,-0.005384958132228905,-0.010538357269371218,0.006625839565206287,0.0005439373132261769,0.010351638746223111,0.003170990660796709,0.0024268076770700016,0.005847953216374269,19
node_963,14,829.3887828572558,0,-0.01985563866790357,-0.009112142829796983,0.06405488234068223,-0.02002352322907415,-0.018849344407174156,-0.023049179028935,0.020400944800365278,-0.031014965027559988,0.0002885174958415631,0.0,1
node_964,9,1478.535480615575,0,-0.003267495021256598,-0.009345667464221656,-0.011731876828831932,-0.02227271276040545,0.003092761637103457,0.006422607505167201,-0.008148419400265308,0.00714406588156642,0.0006261642071756881,0.0,4
node_965,46,824.5467277634584,0,0.0025909593221143975,-0.016546425342438175,0.0037242742026569126,-0.002351903810796694,0.003951884490079834,0.008426505557687227,0.012806182874305383,-0.011300383467794311,0.0003837188404629254,0.0,2
node_966,1,772.8793503417389,0,-0.0025232364158046566,0.005092350280683727,-0.0002770536471701814,0.0022925560172380494,0.009679956862961437,-0.011315697200738387,-0.011462308185128552,0.0012331999143484196,0.001106082444889427,0.0,8
node_967,51,1940.9587077191024,0,0.0030181154476676994,0.011760003906104995,-0.005491210939286816,-0.011153805322229492,0.0020038616969681317,0.001876872446056012,-0.009260247917697069,0.01131202183401729,0.0008618961699663173,0.0,6
node_968,45,1610.6246353075237,0,-0.008238961633718627,-0.0010537826921231271,0.004993357382767775,0.0016796191148806066,-0.008769330185695699,0.016859006034261374,0.002929078127283622,-0.019448928239195116,0.0007500846844819824,0.1,5
node_969,13,2163.4305212704176,0,0.028347294679767474,-0.013020087990102049,0.02756724554378442,-0.008526079348961877,0.03538964108713041,-0.006355048450524724,0.005222716858305532,0.0075441687889738545,0.0005233096872848111,0.0,3
node_970,4,4480.468258116651,0,0.004777279695487619,-0.0226768648808946,-0.0032387695418112784,0.0002560193111403449,0.026437184553195877,-0.006264163246133516,-0.011201888465404318,-0.005108989335325836,0.000890455461929475,0.0,6
node_971,1,1639.7647236565392,1,-0.00326510368744397,0.03239776607926002,-0.0028773048132316914,-0.01349680169381335,0.018499460195759165,0.027249132745101753,0.0015787580797518592,-0.019524542138882533,0.0009540706843038573,0.0,6
node_972,49,1804.5833122348483,0,-0.010627421488212692,-0.018931439453432026,0.0075232450775612175,0.007906365462538686,-0.002936917295981769,0.005757532259923573,-0.004775382878113832,-0.0030200193013443467,0.0011107710387768114,0.0,8
node_973,40,640.8502211566984,1,-0.017894538303782893,-0.0015072613579974674,-4.90465724032593e-05,0.001458935853039478,0.0013804673818068592,0.011552315013392747,-0.01588038319419074,0.0097187069169197,0.0009939160888859495,0.0,7
node_974,32,2396.836253048617,0,-0.0006680620444235574,0.02211959758716482,-0.01849926236982137,-0.003315877297116829,0.012551748238688579,0.0073757684709405014,-0.011806105676159875,-0.011386395742660285,0.0006415133011215782,0.0,4
node_975,34,1266.0014713777173,0,-0.015039014470503669,0.014685046009138286,0.0011169016934316734,-0.00023389488284769518,0.018731929044543117,0.0018785071660075427,0.007112441872983826,-0.0015451853590593718,0.0008825650892963584,0.0,6
node_976,28,6140.578564854342,0,-0.013818147818862985,-0.006318989929818063,0.043884729715708434,-0.013631429644255752,-0.0127419196437396,-0.015522781668582003,0.013722278413525725,-0.020822353352997394,0.0011409476598445644,0.0,7
node_977,31,3098.883753447403,0,0.009245436081574928,-0.029207448084670223,0.008161346225556972,0.05323549000710132,0.0030379398013899387,-0.0030415297247317506,-0.01683085223078091,0.003785647159891442,0.00027957447283516484,0.0,1
node_978,8,1608.727121186295,0,-0.001163896373461334,-0.009432049681566147,-0.008062621651587304,0.005424855679088966,-0.005033718236562797,0.01272095549822795,0.008009029813037655,0.009498110119710095,0.0012040313830442742,0.0,9
node_979,39,697.253300680354,0,-0.006470446952352062,-0.0027715023266138973,-0.0016828293931823144,0.025489443744513483,0.007806178721555085,0.009912928240001645,0.0007837896291526367,-0.003654581739219508,0.0007592024564082537,0.0,5
node_980,26,3442.922950485891,0,0.0023347177570904798,-0.011303736876162403,-0.02351747107852534,0.003910795742907005,-0.0019956580742356194,0.01668760902187076,0.007505685874466553,-0.016565021144289212,0.0005117469874447423,0.0,3
node_981,58,2912.515982161493,1,0.00823390301363637,-0.0005451359000186014,0.005868645374115711,0.00026138570416628766,-0.002186414746863979,-0.00030507616729684125,0.019107278043846005,-0.0006661253732668654,0.0009780092934489576,0.0,7
node_982,34,806.0873776206927,0,0.008112854527188445,0.011013324158151627,0.008005701951079552,0.004960256041585369,-0.008164573666612275,0.011128428815625056,3.3679107128473776e-05,-0.0024436868093784974,0.0008957911658269591,0.0,6
node_983,54,1024.928435872297,0,-0.002593121379894019,-0.009729691483540304,-0.0031939498045784444,0.0005176049159067973,-0.014477411528157867,-0.009763259394061292,0.0049820608669625364,0.0005886920299654494,0.0015111893319407787,0.0,11
node_984,54,2865.508781474918,0,0.002282054982706418,-0.005729136429155099,0.004295989898826891,0.0012261859865222218,-0.013306938493768931,-0.0021489148141384242,0.005551239893423692,0.0015012266938441592,0.0008654058134276936,0.0,6
node_985,3,807.2712613182878,0,0.02057706442400465,0.025498366941600105,0.022484051200678534,-0.006394634039414034,-0.009215222661497456,0.020177642325931937,-0.010202369437690565,-0.01371236250150242,0.0010433001221168605,0.0,7
node_986,59,4247.033229914593,0,0.009686521657232695,0.0037184585693892584,-0.011304448952984167,-0.000440888266131173,0.009534984389262015,-0.03672117799906108,0.01190283534106021,-0.010323329684720982,0.0011708451522314406,0.0,8
node_987,50,1328.8455597659654,0,-0.0041130241268340665,-0.008160699546933983,-0.004654350430200136,0.00276737039510895,0.0014627669229322934,0.0033523432418122697,0.010437052450923745,0.006383499263416062,0.0008395690145722257,0.0,6
node_988,12,636.5931119603583,0,0.0033259935032382937,0.023421575684131155,0.010441309980164938,0.029941200505243244,0.013269350771571728,0.016277606139047107,-0.01924540112470999,-0.011645887946345926,0.0010163958517235036,0.0,7
node_989,1,3037.1815785252725,0,0.005337955243772447,0.013750444550474816,0.013455965585730914,-0.0004954491033144927,0.0006666057110025688,-0.005179239585169777,0.016969882203552937,-0.010082035537856965,0.0007594370163829997,0.0,5
node_990,54,1201.4329407995506,0,-0.009411245507152851,0.012469049275557033,0.007996935376971085,-0.0021562149327299207,-0.012160538363018388,0.011319328622092614,0.01338353174233718,0.005018736208485523,0.001091124064538399,0.0,8
node_991,44,1621.4024966970476,0,-0.001426201546520326,0.01785649911311139,0.006955902122350963,0.0038756317358063946,-7.5948708599955765e-06,0.005752868809832072,0.003480846262994588,-0.002640730092976234,0.0008712867411997996,0.0,6
node_992,5,678.6894873922952,0,0.012702527917656291,-0.01088380980503409,-0.010267019215923478,0.0011062716811317663,0.0033692660916209054,-0.004011375471597508,0.01329731607092309,0.010769773851190283,0.001646397019082066,0.015151515151515152,12
node_993,30,503.8810387606716,0,-0.0021755004118397467,0.015604200421655948,0.010243231198763214,0.01652325525429482,0.0019056907656469998,0.027424795346655265,-0.028949413850366732,-0.01386137168554735,0.0007840947125393974,0.0,5
node_994,30,2024.1053000256848,0,0.011326795534780104,0.023065190162712985,-0.004209129381068339,0.006466042725861754,0.026619805685347088,0.007973052222301703,-0.01009486775940205,0.008313571625479911,0.0006484702329966976,0.0,4
node_995,59,1585.95144384535,0,0.0036569058326669786,-0.005692546303526887,-0.009967900526398803,-0.02326062813063149,-0.008662791331778436,0.003744010251804201,0.005901427273772066,-0.01669774928026977,0.0003974847801651642,0.0,2
node_996,57,1850.3993532312645,0,-0.001085304977495404,0.007072620809686394,-0.0025513965203812048,0.009062736124785635,-0.0007077026420290137,-0.012787442285650947,-0.0013140734407817416,4.998494733877724e-05,0.0009570797437973377,0.0,7
node_997,17,2867.9546568124315,0,-0.015508334962445766,0.0010288252987013015,-0.015726137391866336,-0.009571569380775882,-0.006175220447299211,0.019685684925115826,0.018463365445125925,0.04086195188069653,0.0003931763809277646,0.0,2
node_998,48,2060.25717827272,0,0.003745030295224005,-0.0013267021353340184,-0.013665700760104697,-0.0022892208782922126,0.011201825881419153,0.028689831696881374,0.0013959907686962984,0.005006073877756746,0.0012362628315931868,0.0,9
node_999,47,788.1459733887375,0,-0.0058640198712362245,-0.0027763894467605164,0.0037476321750871517,-0.006475851543742492,-0.008543887508692925,-0.001635817760162446,-0.008248587960682561,-0.0038591379309172178,0.0008356839139100408,0.0,6
