source,target,monto
node_65,node_935,35.9499701697085
node_161,node_745,83.2130929742391
node_357,node_187,47.06510282812032
node_473,node_12,329.75271312094026
node_926,node_507,597.2111837245443
node_450,node_903,103.81169394826772
node_631,node_893,92.84255293623809
node_629,node_732,262.58602074355883
node_806,node_320,238.8733773197012
node_669,node_436,10.274711334142358
node_402,node_52,161.41867276575942
node_280,node_725,62.41842785634461
node_182,node_22,605.0718113645752
node_73,node_9,516.8357253369153
node_565,node_563,304.0808147774438
node_881,node_13,186.6236606676661
node_877,node_52,488.8286837986438
node_21,node_29,220.29695401398908
node_204,node_58,447.9583522912285
node_465,node_11,205.9679312699168
node_973,node_289,43.10165847218886
node_353,node_638,16.75912791777491
node_715,node_560,114.63597976616896
node_990,node_240,214.69707384133358
node_153,node_785,96.95943297293391
node_293,node_208,19.422241397648037
node_817,node_775,1.148171158918817
node_324,node_939,405.16705389333123
node_156,node_667,32.239614823138055
node_576,node_618,94.57489154662682
node_922,node_673,112.77826358815193
node_611,node_849,667.3322723112085
node_140,node_82,722.194221948359
node_623,node_567,997.9250856506147
node_420,node_400,348.4840933979965
node_217,node_924,147.13479412875392
node_986,node_728,365.0739427905373
node_905,node_174,54.7995967113627
node_916,node_234,329.3306655502417
node_928,node_535,429.4349573270222
node_784,node_451,363.7431608631262
node_605,node_712,33.40181346361077
node_978,node_722,309.9731392356075
node_809,node_912,133.90978761232714
node_303,node_870,208.18493819650513
node_552,node_354,183.58055911499966
node_657,node_767,137.99563576775105
node_235,node_872,16.132602220829344
node_12,node_209,240.93506711112315
node_99,node_30,381.51902107195474
node_648,node_328,611.5202304027069
node_821,node_951,312.9928740789597
node_99,node_620,420.7552156062993
node_748,node_161,150.62634983001203
node_775,node_262,40.30784141346945
node_2,node_27,1101.8051305622291
node_939,node_148,343.8941308926091
node_821,node_437,259.6616446560646
node_532,node_251,13.187745535303295
node_524,node_312,520.0065802065283
node_53,node_649,235.45095744419933
node_814,node_52,349.4683648535142
node_524,node_676,725.9673445669764
node_769,node_981,370.724674995093
node_397,node_137,9.577823455838526
node_386,node_110,120.25199684486444
node_779,node_181,93.04996805498317
node_540,node_170,630.2535390543474
node_377,node_187,152.0737767006958
node_832,node_851,182.04620064026645
node_783,node_686,74.46355129225076
node_603,node_697,583.7451217143171
node_501,node_692,23.8379703836775
node_174,node_733,137.53336050482213
node_420,node_133,171.54852115467648
node_735,node_500,125.47562166739935
node_54,node_953,75.79618906935268
node_824,node_637,253.64458975329327
node_719,node_554,326.30824425229616
node_972,node_646,634.2226038968676
node_306,node_456,237.53461019667353
node_775,node_224,279.53292933222747
node_503,node_455,69.61552786912087
node_58,node_643,689.1456013339151
node_924,node_488,831.1936865735073
node_225,node_411,192.39471175732118
node_123,node_470,334.09549794991153
node_515,node_601,1387.8842442846344
node_630,node_644,226.97779717007327
node_979,node_433,310.34595950063317
node_799,node_539,450.0782207920892
node_528,node_570,387.98025432247164
node_198,node_361,679.2260608702792
node_24,node_393,113.56533582890941
node_338,node_266,1199.4920571785735
node_455,node_359,710.6846682087679
node_862,node_411,308.8537153049592
node_832,node_48,883.484655381487
node_101,node_215,387.2747131968868
node_568,node_558,18.763409378692224
node_685,node_241,351.4483524626828
node_881,node_4,206.3359401694169
node_360,node_458,13.67619401922264
node_672,node_945,107.82505274314228
node_737,node_14,131.2111073354961
node_121,node_276,983.5097572312585
node_389,node_293,792.090636676983
node_445,node_209,237.46600745058447
node_301,node_908,184.07793100479165
node_2,node_989,598.4453815633971
node_519,node_427,683.8794173284654
node_619,node_160,44.201850664229184
node_330,node_332,224.74556841152744
node_862,node_667,322.8619432522322
node_680,node_271,303.6246918305727
node_251,node_559,156.60342059029884
node_698,node_89,221.78228967687198
node_331,node_138,184.2805489925929
node_273,node_18,58.11018571518503
node_869,node_885,3.9345591594222364
node_389,node_259,530.5153695501344
node_796,node_570,131.57058528786536
node_272,node_618,150.86017588732875
node_847,node_449,1023.853619994118
node_519,node_140,577.7009159842872
node_477,node_351,111.3190771006375
node_605,node_832,183.8766916769177
node_592,node_186,966.9237795530034
node_753,node_853,579.7350117813611
node_43,node_136,541.2853700560295
node_547,node_612,141.95566598491067
node_155,node_937,490.04714402823635
node_980,node_727,495.20187635087996
node_871,node_321,216.88627946733038
node_943,node_602,87.83695977683047
node_154,node_888,154.63308029957784
node_875,node_652,0.13286384815638871
node_739,node_264,50.102352638098836
node_246,node_666,929.3095205901914
node_128,node_671,215.67506430514163
node_326,node_752,302.72223967193526
node_403,node_628,9.948531582132127
node_610,node_624,176.29329110120577
node_857,node_717,291.8897253591487
node_684,node_115,146.48604897486135
node_692,node_90,161.1528796907751
node_960,node_113,697.560898432203
node_153,node_876,1099.223726541268
node_854,node_265,549.4299410213363
node_40,node_104,77.90118833604123
node_192,node_400,48.113282973817526
node_748,node_936,901.4874337607279
node_708,node_255,172.1371829445263
node_946,node_660,218.134307698526
node_281,node_882,99.59305451961794
node_699,node_198,673.5618682141562
node_326,node_153,669.2418687591921
node_404,node_461,454.7371474654582
node_873,node_83,206.47168498421087
node_627,node_108,268.30762907219827
node_552,node_367,120.84470087187552
node_614,node_557,69.60829797393092
node_504,node_474,21.45124712068639
node_270,node_994,212.12542035473987
node_706,node_366,499.6098124985499
node_39,node_958,121.12593721886628
node_993,node_988,442.37091991777856
node_3,node_834,217.49007385288783
node_432,node_470,13.93989358467757
node_627,node_278,802.1379871232613
node_862,node_253,237.36068082222627
node_680,node_824,267.79503330751317
node_699,node_565,134.9079885733744
node_824,node_649,67.15323314691716
node_614,node_933,3.0425585849977836
node_211,node_514,642.9940999965585
node_341,node_814,63.63093263383217
node_843,node_37,394.72251696230495
node_419,node_750,161.32747409057617
node_908,node_342,282.19885895848387
node_541,node_701,511.1686727989488
node_111,node_410,95.0050030281214
node_184,node_381,123.2781258496473
node_46,node_885,156.13714178445676
node_527,node_503,431.25467782137974
node_309,node_660,48.61504694386479
node_271,node_570,160.57121195454837
node_937,node_201,6.266403714979633
node_161,node_766,218.69218990265225
node_976,node_650,297.00867002409655
node_725,node_504,134.688885822692
node_559,node_435,300.0317569409613
node_634,node_916,246.35669312077673
node_752,node_832,369.8039792214779
node_562,node_803,1077.1993115438693
node_894,node_87,51.9580051243838
node_782,node_95,31.02039490586204
node_197,node_0,39.04302525721049
node_377,node_166,570.0807109060577
node_312,node_592,9.40321087837796
node_680,node_476,46.00495651827129
node_581,node_261,328.2183729357695
node_244,node_514,37.966526378229126
node_560,node_75,333.55967351543273
node_108,node_182,239.0925090585902
node_848,node_962,197.6239697675846
node_99,node_543,146.93324505555458
node_451,node_913,4.857676446599743
node_42,node_883,39.847891659797334
node_77,node_825,287.0650099322631
node_673,node_700,30.780738656218794
node_727,node_314,208.5975934470551
node_901,node_888,229.2580023697216
node_167,node_338,168.42308950940225
node_452,node_282,197.48715507096003
node_999,node_524,977.23306944453
node_957,node_482,913.9000581603377
node_591,node_890,634.4361182922012
node_88,node_659,339.1724796950793
node_427,node_150,114.18038658459491
node_21,node_882,208.85481182062213
node_839,node_518,112.5665468931671
node_374,node_450,570.4996110644531
node_594,node_178,3.6693808226913744
node_463,node_839,15.968275213866823
node_112,node_11,101.7485011709658
node_330,node_900,130.60345490373513
node_400,node_901,121.96219043485019
node_568,node_923,155.51996363214877
node_117,node_887,459.40969457500006
node_317,node_49,170.09547379828285
node_18,node_725,121.24506260714934
node_449,node_989,140.48363785564422
node_451,node_288,307.9441982013336
node_693,node_390,300.13180702084156
node_525,node_214,162.55759365326767
node_821,node_476,32.066136616309095
node_28,node_791,97.0214223924306
node_713,node_360,1179.1896399838968
node_217,node_573,219.3799706117842
node_16,node_321,1058.810275567732
node_324,node_411,155.05361303392164
node_964,node_81,365.7811946109468
node_424,node_944,127.63491867954613
node_203,node_582,92.0701764810118
node_777,node_97,197.93675756051405
node_207,node_513,101.67646939011415
node_585,node_165,1037.6860707918947
node_938,node_438,24.031139657983527
node_668,node_494,907.382897229729
node_986,node_552,28.97540289624203
node_107,node_402,293.16974139017515
node_366,node_833,93.34745900086979
node_801,node_917,1005.853932362389
node_718,node_282,338.1278707338483
node_480,node_351,282.48826745754593
node_744,node_442,94.86407730976978
node_507,node_257,603.1888252481971
node_64,node_594,33.58324354722814
node_265,node_820,868.6914779096758
node_661,node_946,643.6585699033341
node_890,node_247,265.7181801794127
node_609,node_413,341.9351959047533
node_283,node_448,4.654387039324492
node_67,node_6,87.54780971355436
node_163,node_82,948.047777850163
node_419,node_72,549.4026820543326
node_617,node_927,334.8439843388918
node_175,node_165,32.23985292618829
node_369,node_794,170.52730704752065
node_418,node_755,413.9557658687283
node_126,node_408,170.75947671637132
node_270,node_643,170.96220976000365
node_72,node_922,2.728619882168583
node_247,node_859,285.0253733556437
node_376,node_40,83.13030690792048
node_211,node_492,28.7522866817508
node_368,node_756,629.8199285341562
node_479,node_435,4.1522696576779445
node_574,node_736,72.39473227754179
node_68,node_298,85.33011433713673
node_295,node_202,184.26781660264064
node_962,node_829,279.9789797084752
node_330,node_527,25.389449048458488
node_303,node_502,546.9598719474868
node_549,node_638,519.4542160964193
node_442,node_318,235.74587035501057
node_685,node_386,287.7466370392735
node_832,node_887,1318.4628676486789
node_775,node_690,441.8728763434913
node_720,node_72,69.28369954722943
node_618,node_856,121.76261274000315
node_955,node_795,740.4402942320519
node_548,node_648,10.690613864737239
node_186,node_852,158.97168158462532
node_569,node_362,304.7954186887851
node_741,node_679,175.31232597119256
node_251,node_618,825.9799641329215
node_91,node_529,522.4509495621455
node_661,node_511,176.0526387683689
node_184,node_204,107.45113757089165
node_255,node_134,17.344695854386497
node_821,node_87,785.6437353373735
node_206,node_128,433.73781352164036
node_973,node_933,319.41435273603696
node_384,node_613,52.124736118554985
node_924,node_644,463.2669862090222
node_859,node_20,412.0449996127827
node_962,node_620,525.4527112638945
node_594,node_802,491.72881877769777
node_128,node_195,775.3294891119285
node_282,node_311,241.8142735243167
node_664,node_276,407.05659157012724
node_889,node_51,618.2113800118045
node_748,node_310,73.0268821366007
node_566,node_863,463.03569376377027
node_621,node_176,211.34383673125805
node_806,node_847,627.0159332678361
node_212,node_828,149.6349000702143
node_108,node_546,128.723038645664
node_424,node_629,474.6718014708897
node_86,node_464,126.83591676086027
node_975,node_962,160.59496022849535
node_894,node_725,105.26874070023997
node_238,node_676,158.8464109352196
node_671,node_557,145.74412216686176
node_623,node_918,168.4297420023487
node_246,node_615,596.2718718592092
node_484,node_645,467.3842679672825
node_605,node_661,233.85319325926133
node_413,node_720,160.4335273809357
node_415,node_937,640.2643254694128
node_633,node_649,302.0610225281177
node_114,node_931,37.81016990560747
node_233,node_539,111.7552886331546
node_678,node_246,83.80684183763627
node_126,node_146,122.69461044294738
node_381,node_411,254.52809197400424
node_362,node_508,160.7075867542447
node_288,node_957,615.4741970386285
node_194,node_329,159.23949727006067
node_448,node_924,208.01181304292516
node_498,node_140,613.2847959799856
node_929,node_92,228.1093885521687
node_204,node_559,279.1457187398207
node_831,node_316,123.38757431061913
node_639,node_855,353.36839149488657
node_70,node_268,149.20473889850544
node_304,node_450,68.56609161904606
node_816,node_102,163.04166199027213
node_752,node_573,472.16059033677726
node_536,node_250,192.88170437025727
node_206,node_540,297.00254131922753
node_415,node_793,87.61643907659834
node_24,node_821,385.60221779681956
node_631,node_823,542.5820433938655
node_504,node_597,556.0767409403763
node_498,node_363,121.77233995109651
node_744,node_198,180.05781180968117
node_338,node_658,579.2527131520369
node_428,node_782,188.38190280135225
node_692,node_941,147.22166101054486
node_231,node_657,696.14538704993
node_559,node_193,20.796538681090418
node_533,node_517,147.9963862333878
node_184,node_871,1033.2234361587634
node_731,node_115,313.5083825954249
node_684,node_81,141.2262589191605
node_556,node_334,79.01332338588296
node_220,node_634,13.134647420060295
node_322,node_850,21.772340798740164
node_205,node_831,281.26115624490467
node_950,node_573,140.75178437487457
node_571,node_883,13.913495375770525
node_478,node_618,794.7437033933777
node_413,node_234,534.0104132883058
node_255,node_560,140.15802952765617
node_670,node_123,30.069308955646594
node_503,node_718,14.964391827936483
node_931,node_135,166.57486341278167
node_313,node_868,220.86224754067314
node_829,node_806,339.47091344638847
node_499,node_720,4.42089205610531
node_210,node_703,374.72857233893654
node_570,node_582,325.84266155497676
node_894,node_219,148.66051300570876
node_441,node_400,89.61522946570588
node_990,node_898,170.30510727532698
node_857,node_803,574.3509704453681
node_756,node_469,425.9768027632167
node_843,node_681,160.82826855494062
node_266,node_53,146.4317026881165
node_615,node_58,61.507400408022086
node_236,node_954,593.0951782199278
node_733,node_715,386.580912449082
node_394,node_206,244.88437773990643
node_729,node_513,43.040089838702215
node_370,node_857,179.77482690072196
node_317,node_735,169.208254469458
node_61,node_805,228.5893483454027
node_194,node_677,413.77516572522546
node_60,node_128,225.69367758388412
node_991,node_155,186.59124813071395
node_621,node_780,319.01038723733654
node_902,node_789,19.566520078983455
node_436,node_974,517.1987332376947
node_479,node_790,1227.8056045760109
node_983,node_339,445.71849526686077
node_339,node_203,48.97038032415324
node_391,node_768,187.08081199015663
node_533,node_69,160.96663053952386
node_607,node_674,521.7391053486602
node_827,node_119,585.8329283535152
node_687,node_901,168.10190418122036
node_365,node_698,216.58812097027905
node_766,node_924,172.03358212360322
node_76,node_229,29.72323077938045
node_263,node_330,502.53491675116834
node_892,node_767,1025.7801867873743
node_26,node_275,700.2033103151603
node_956,node_798,484.8602063720466
node_572,node_457,1.720498515733456
node_858,node_674,254.0030250304942
node_399,node_252,114.86363424579754
node_802,node_458,134.08627275759986
node_498,node_949,250.53815124097378
node_507,node_303,112.27557021283839
node_597,node_165,5.18956280644048
node_919,node_113,367.41443396290816
node_355,node_927,42.69193233275677
node_767,node_234,1.6081508133174094
node_514,node_207,160.74823393389798
node_124,node_137,148.58097683810627
node_67,node_572,305.1004886278352
node_18,node_682,338.21966030957384
node_572,node_938,259.42286069293493
node_47,node_210,608.4210716068618
node_650,node_621,139.31906589014056
node_539,node_708,300.7774249392412
node_900,node_562,175.5889859501645
node_561,node_899,592.0821884022814
node_169,node_467,843.6823685776454
node_13,node_714,893.9617709351809
node_188,node_913,135.02798355655818
node_693,node_721,34.98147738841247
node_74,node_276,299.6112302085331
node_342,node_424,310.0637826368365
node_856,node_181,96.59437168843009
node_850,node_832,303.1312462477169
node_259,node_192,59.29976809397212
node_971,node_405,182.18553458633377
node_942,node_720,544.8778922768371
node_653,node_433,5.79915123619231
node_111,node_928,282.2499023157719
node_42,node_206,546.3348112050326
node_117,node_531,972.6444634524573
node_642,node_155,201.11974659828053
node_93,node_12,50.061236538191345
node_804,node_944,97.30901390778254
node_803,node_437,262.5380178334342
node_967,node_875,131.5164492497022
node_149,node_659,9.677556462181442
node_295,node_985,26.506898960027044
node_639,node_339,638.521490469435
node_143,node_941,322.8017934328225
node_518,node_975,596.3253673962362
node_238,node_951,65.69077710216328
node_180,node_214,101.28007232312031
node_510,node_72,1767.5291952307057
node_211,node_804,682.9754128437095
node_750,node_222,1087.8572585162033
node_263,node_206,563.9568213986018
node_733,node_365,122.51638517131022
node_742,node_308,1110.8099569792407
node_944,node_784,574.274596460142
node_349,node_924,26.683295906196268
node_522,node_97,22.10522890705231
node_363,node_569,78.16243109292238
node_275,node_49,93.8229145198747
node_905,node_927,54.99340601818851
node_484,node_83,1084.430049899773
node_637,node_807,36.45764650302284
node_235,node_55,50.72854111190852
node_906,node_109,298.7470858946457
node_92,node_861,6.220287655522393
node_649,node_38,136.52064966269904
node_419,node_636,108.06681000885447
node_35,node_100,55.9405934579846
node_515,node_222,449.91059325857077
node_165,node_382,1296.6545171627458
node_375,node_470,31.13616851786393
node_30,node_374,367.94276672447626
node_301,node_95,50.87403339021601
node_191,node_485,454.99749804777264
node_127,node_237,112.05471359869624
node_939,node_111,57.43656720056206
node_342,node_144,174.8826311128993
node_734,node_990,151.10930816424778
node_438,node_105,99.35188880266216
node_225,node_776,63.48531425760647
node_88,node_687,237.716285593889
node_971,node_935,327.3733907448686
node_105,node_270,13.80106920589862
node_502,node_678,248.04142664505403
node_31,node_392,846.1266080993329
node_217,node_730,221.9208199802232
node_844,node_719,320.1820746016534
node_843,node_427,348.50315339955625
node_443,node_326,37.333007070346916
node_47,node_17,39.45405493191337
node_806,node_707,161.4309732995268
node_223,node_829,700.8364028620265
node_876,node_848,510.88781221551835
node_389,node_978,399.8144881123471
node_187,node_857,611.1585825968131
node_309,node_131,1054.3300930740577
node_71,node_792,405.9769932967153
node_186,node_485,42.34936580565366
node_119,node_219,54.205691700899195
node_450,node_411,202.45370777138874
node_757,node_737,700.5039087784928
node_607,node_421,1051.2335209356545
node_71,node_829,46.29560111406859
node_205,node_543,479.4489090651862
node_386,node_767,27.31147728126047
node_176,node_826,559.5330459744399
node_254,node_836,57.756349365605104
node_344,node_126,74.73241798453735
node_765,node_724,621.6129491212073
node_486,node_382,91.65091672994716
node_524,node_556,613.6141599866166
node_625,node_944,296.11773357677606
node_716,node_336,49.47957532098895
node_480,node_896,129.7981975453028
node_272,node_919,199.73577241239033
node_730,node_108,868.3088672886386
node_327,node_775,775.1760798349708
node_110,node_698,267.4413036734058
node_228,node_496,444.2029890947492
node_700,node_271,286.55130045575424
node_757,node_721,215.79940282375316
node_285,node_870,820.8057023942731
node_497,node_732,369.42564197826545
node_337,node_780,336.6253726460835
node_605,node_660,13.955361970977926
node_848,node_935,77.14244003389291
node_142,node_200,189.51978977253574
node_363,node_478,39.51162628826868
node_383,node_691,97.91469955324774
node_824,node_307,790.9289590014666
node_366,node_0,476.90147166136194
node_842,node_97,72.81290224077156
node_799,node_782,188.02953767396644
node_236,node_973,739.4107547365229
node_903,node_71,766.730678271228
node_267,node_320,283.0760183124673
node_41,node_701,17.13782884802837
node_614,node_682,316.248615651796
node_480,node_415,243.88762061343508
node_724,node_852,540.6628663185094
node_567,node_389,136.65786889618445
node_613,node_932,415.20030503061446
node_498,node_821,27.486157616703732
node_944,node_226,162.6857468038295
node_855,node_816,121.13246812396662
node_449,node_62,12.715454286471658
node_870,node_667,272.86337677034686
node_5,node_146,64.07304861731028
node_27,node_961,289.9721454383445
node_292,node_370,211.76658835583945
node_725,node_217,732.3163278172883
node_675,node_57,182.43185909680753
node_569,node_287,234.9356351589464
node_227,node_246,171.6214264717076
node_82,node_185,97.77271254203954
node_749,node_871,112.69757166886927
node_795,node_896,27.960327551035263
node_815,node_807,233.61341540642334
node_459,node_967,839.046828660206
node_369,node_899,66.37775133928898
node_922,node_136,82.32685526752124
node_183,node_587,95.62800623286569
node_374,node_653,178.68573171920943
node_510,node_801,62.9917334302978
node_919,node_509,18.59339196307617
node_72,node_281,312.8254099788602
node_359,node_9,58.50990217724881
node_151,node_4,36.58145986898346
node_282,node_463,460.02955142518454
node_162,node_459,600.6610619262708
node_555,node_281,378.82035273679975
node_982,node_350,132.37527523085654
node_139,node_470,104.89803135177549
node_687,node_182,33.96981896746791
node_245,node_600,392.4800627594941
node_898,node_377,277.7485657327076
node_851,node_432,518.6263577031666
node_468,node_445,199.55306397790272
node_883,node_293,343.8556957076257
node_249,node_877,271.96298433015477
node_301,node_24,53.883559865494064
node_888,node_889,237.3574786618213
node_624,node_874,126.4589969758726
node_302,node_470,322.46406014159226
node_529,node_660,516.079029046796
node_725,node_871,321.0341255711684
node_962,node_551,153.00717585848642
node_344,node_179,3.2609844129044148
node_502,node_202,484.3060428187554
node_4,node_889,258.01379889566385
node_310,node_548,37.91025284679209
node_236,node_869,72.50526951485972
node_584,node_570,271.04743263786276
node_448,node_359,9.894420626565912
node_29,node_778,227.9732532564949
node_843,node_934,56.81250793891748
node_890,node_967,105.44550768807909
node_444,node_892,512.3472241216059
node_889,node_605,90.19811383631526
node_734,node_697,169.28578449392546
node_494,node_673,15.49838556405147
node_563,node_856,353.30761258731116
node_438,node_277,77.0572704108454
node_110,node_384,87.45005294298441
node_190,node_489,133.51546002569472
node_404,node_334,515.6020458769851
node_677,node_610,129.61316369394498
node_7,node_701,491.52800530953573
node_528,node_601,50.89356473519458
node_165,node_848,133.1065149827863
node_428,node_773,250.1977516519325
node_525,node_238,45.106969553467366
node_654,node_821,430.4987097170261
node_268,node_752,96.7886597950596
node_674,node_59,37.88801478242008
node_981,node_569,345.4771601700002
node_216,node_929,9.961281451688487
node_4,node_985,157.14697088720092
node_709,node_570,320.49151167459127
node_145,node_387,247.79026111056706
node_525,node_461,21.27176980089513
node_383,node_555,37.11114743899865
node_18,node_574,836.5284107713748
node_418,node_336,313.4383473182922
node_915,node_611,343.10142406182325
node_121,node_431,14.374705157752397
node_919,node_316,172.97037630080058
node_326,node_362,983.1219212107895
node_354,node_799,415.922404844143
node_965,node_825,231.51619800530614
node_932,node_879,73.37001132894318
node_835,node_807,51.16985078517032
node_731,node_911,12.845701389304368
node_428,node_857,55.250294006885355
node_236,node_193,244.2830895621342
node_757,node_135,209.4040729841425
node_170,node_158,951.8698054782008
node_556,node_961,651.9457786518497
node_503,node_875,744.5872611251068
node_124,node_312,100.9355005486226
node_797,node_457,113.42466279576972
node_881,node_196,455.55556697636007
node_422,node_571,176.04421087038355
node_381,node_172,321.9315979106088
node_349,node_901,860.3327381222579
node_493,node_619,142.94681790821653
node_918,node_5,86.77269371736074
node_145,node_782,198.5065150498931
node_607,node_456,110.65387793669494
node_211,node_5,118.00665613199605
node_890,node_446,95.23569451545343
node_650,node_810,1149.8912880460573
node_387,node_958,150.83506318160693
node_808,node_978,127.3054457571422
node_725,node_503,491.0890514206027
node_533,node_192,153.3538438344946
node_879,node_758,92.74463292465782
node_762,node_514,1812.5523944548033
node_75,node_598,184.66191544170928
node_529,node_112,108.93405934628345
node_840,node_790,20.384776601950605
node_124,node_174,163.33990302096987
node_883,node_255,746.4650101131143
node_280,node_923,41.95151970979689
node_247,node_367,175.1545581871982
node_585,node_717,386.4591996698382
node_493,node_313,124.90238795524596
node_638,node_936,16.144086300568745
node_354,node_115,122.67177912614905
node_777,node_98,80.36158945103115
node_596,node_404,888.4081689085515
node_902,node_502,92.16786797395444
node_893,node_575,97.60234202048358
node_120,node_809,784.8451659758475
node_330,node_783,255.95947630593702
node_529,node_482,8.72127650388213
node_857,node_655,3.41006869872547
node_363,node_490,109.77215306166967
node_303,node_297,266.27616017144044
node_332,node_899,1092.603493598995
node_641,node_473,96.57407503100414
node_282,node_590,95.02700262861053
node_262,node_702,140.86766429181438
node_941,node_574,15.569023082943705
node_11,node_140,535.7872712413681
node_16,node_62,76.20400712080651
node_375,node_803,509.98166765230604
node_836,node_89,30.06576685912603
node_795,node_629,123.499713185657
node_75,node_612,26.166118999640414
node_399,node_781,418.86503286364325
node_179,node_123,426.995737969094
node_796,node_194,198.72207379262056
node_430,node_941,241.399563146531
node_460,node_617,70.18111554242714
node_164,node_26,725.0712550356793
node_284,node_659,397.1709923696674
node_830,node_163,157.13059265937778
node_223,node_783,56.367296010644694
node_949,node_867,263.7263985077853
node_786,node_470,487.1389653123659
node_426,node_829,1119.3194457830643
node_867,node_533,123.43482288072009
node_366,node_931,39.07071141507846
node_914,node_549,82.54096338551115
node_238,node_334,524.7215397484126
node_8,node_287,521.7793339579799
node_849,node_516,50.99352379126786
node_637,node_586,134.10863756867812
node_953,node_835,94.67797393004867
node_801,node_588,1471.1454691702625
node_617,node_606,1337.5684935056336
node_146,node_489,473.6989527185629
node_383,node_162,258.68785276479775
node_188,node_414,102.51036425826362
node_180,node_287,289.79399090287654
node_883,node_137,167.31566485678832
node_315,node_983,249.19346000207827
node_143,node_15,67.51675533071577
node_244,node_926,350.47327541347204
node_128,node_906,243.7080890135072
node_3,node_326,4.8999175510021935
node_305,node_907,12.28999495887746
node_224,node_970,1447.1003851594292
node_320,node_558,70.83769519418729
node_617,node_710,87.51760702414715
node_791,node_771,32.55718493219477
node_409,node_970,1161.1427756041069
node_170,node_330,562.9741601626127
node_11,node_194,338.5517798945015
node_880,node_181,277.2591618409074
node_655,node_897,256.9534741836546
node_29,node_595,96.85713497371954
node_792,node_95,76.96063322972016
node_443,node_297,79.71074988709609
node_844,node_360,316.8687990323425
node_302,node_420,315.3113579535356
node_236,node_533,39.03513872763286
node_753,node_362,36.1222186560507
node_335,node_161,60.801021620324676
node_600,node_321,158.98957269073873
node_72,node_587,8.471669550777268
node_521,node_863,493.1429196595352
node_687,node_787,197.74750419264547
node_577,node_320,335.1983206901992
node_675,node_407,203.53610138355097
node_385,node_670,491.2369069659842
node_193,node_284,491.93651022541786
node_612,node_155,54.4209623551208
node_870,node_279,135.1796656927394
node_621,node_845,549.4377884661518
node_727,node_909,483.1410550381352
node_313,node_331,48.99841949877143
node_453,node_35,1428.6724124035327
node_21,node_205,460.81397307144147
node_956,node_355,279.02658379250204
node_95,node_928,545.1801130131441
node_147,node_529,261.10526187678613
node_662,node_479,423.58738507358345
node_399,node_698,774.2419013423046
node_660,node_103,41.01223882793236
node_742,node_990,13.019439617159936
node_395,node_911,699.0038774860774
node_598,node_141,40.87291063854376
node_557,node_799,503.69184011391263
node_400,node_680,185.22820050181028
node_555,node_609,114.93297596332006
node_794,node_371,310.60920620520386
node_767,node_890,106.48130945627095
node_42,node_864,4.118346221300399
node_354,node_784,242.47091417658933
node_109,node_949,28.98589992820877
node_799,node_935,674.4415403235157
node_723,node_290,687.1610587983757
node_796,node_325,501.8061730648524
node_606,node_789,329.2249764719948
node_836,node_507,76.74950677984658
node_71,node_246,196.20527453074638
node_939,node_854,25.35335132182873
node_934,node_565,176.15197665241467
node_924,node_53,620.5351188376044
node_610,node_531,262.19535533404274
node_192,node_894,118.77669665288957
node_110,node_128,154.60260268634764
node_924,node_851,343.89206230693077
node_28,node_111,42.88753756528333
node_130,node_187,41.2018860255598
node_474,node_363,354.68504626319475
node_620,node_275,420.0840451677038
node_771,node_242,207.91955035579684
node_101,node_986,289.62281409718884
node_652,node_908,7.807615899000693
node_85,node_475,175.57516648710998
node_948,node_876,569.0546674969023
node_210,node_967,40.24797642597434
node_809,node_857,34.3017306323246
node_25,node_918,264.25081944718244
node_923,node_136,26.987967268891587
node_210,node_751,33.44155471539345
node_779,node_206,235.8057264488715
node_973,node_778,304.64620324751644
node_410,node_522,12.74042953393026
node_426,node_274,350.68829247029765
node_941,node_883,110.35149493146079
node_937,node_219,684.644486648386
node_231,node_327,262.4944145909491
node_885,node_942,136.15522340615973
node_266,node_358,188.30986684385385
node_920,node_907,362.9351707066139
node_877,node_651,133.24069214587539
node_628,node_420,6.346903001907807
node_599,node_719,17.568969923286357
node_600,node_380,363.30673253320384
node_952,node_115,337.79156363107876
node_74,node_479,423.48831713361915
node_365,node_633,159.45125156479853
node_437,node_214,468.21552745706276
node_497,node_539,260.0582075508249
node_312,node_537,507.47012110161745
node_540,node_466,23.947738087514626
node_781,node_333,18.915381930106186
node_347,node_272,33.72805952973825
node_749,node_413,849.3108409637738
node_684,node_78,180.49140836986084
node_216,node_946,0.05596367076177557
node_506,node_558,287.4685181277319
node_245,node_243,151.72554168077457
node_319,node_86,160.82274102123117
node_518,node_277,43.63102919383105
node_168,node_329,194.69097152937837
node_390,node_495,261.493204425049
node_741,node_986,123.78517133110407
node_512,node_747,149.14706569820436
node_929,node_515,397.69039189645986
node_426,node_501,18.105088893580263
node_512,node_70,271.33068423008166
node_456,node_188,258.10188942566515
node_764,node_919,487.38355931380715
node_945,node_755,24.77988463852316
node_282,node_543,715.8504908770362
node_657,node_155,105.43194501973193
node_527,node_354,49.26629736749003
node_186,node_30,271.664460132925
node_528,node_550,841.8738779903676
node_985,node_943,265.0192472675216
node_643,node_541,25.07538782416265
node_202,node_65,298.35119977346557
node_221,node_803,459.0072423565649
node_692,node_254,848.4566611193391
node_256,node_382,624.1533187147425
node_598,node_89,58.49569100437281
node_581,node_43,12.335836245219925
node_597,node_18,217.8767617674504
node_606,node_765,824.3676539635644
node_760,node_937,196.91612722719532
node_228,node_523,901.9337636718305
node_154,node_422,1214.0312084789514
node_404,node_843,505.2270686336411
node_160,node_746,42.53116941720205
node_270,node_769,309.81077631713913
node_884,node_171,16.83317153644456
node_258,node_134,698.0734058502593
node_747,node_421,73.13124300141627
node_928,node_363,14.87139473704556
node_377,node_522,525.1981752355839
node_721,node_195,130.67040652838708
node_604,node_983,242.69337868311723
node_171,node_382,299.4608246591642
node_24,node_502,273.8113957781685
node_566,node_762,950.6392324295844
node_909,node_678,278.72885069455486
node_219,node_178,294.7698597306943
node_264,node_953,61.31067020085478
node_415,node_452,278.17465579705265
node_553,node_52,222.32417723522755
node_329,node_250,329.4534938784928
node_782,node_966,174.92950227954117
node_878,node_386,61.17109346673361
node_347,node_28,146.6737719275184
node_517,node_395,152.14643134372778
node_588,node_348,198.08453493247703
node_903,node_519,548.1785813967444
node_339,node_174,211.3818213467305
node_596,node_450,22.144239313176488
node_854,node_15,250.42595983244635
node_495,node_8,244.8478908191744
node_332,node_326,30.94478360051388
node_613,node_225,61.472075133306156
node_407,node_112,311.1751705464509
node_0,node_265,875.4696902202865
node_621,node_711,105.55419136813794
node_984,node_305,55.858059325121786
node_464,node_699,39.471575568430175
node_367,node_845,84.64818015891282
node_888,node_790,1367.0664276685852
node_964,node_426,14.433610441253892
node_189,node_140,28.669474690766187
node_795,node_657,334.779249307097
node_318,node_440,17.103162584303085
node_55,node_154,435.69380880721684
node_136,node_231,317.5057401697203
node_731,node_480,6.740709197479115
node_248,node_993,12.693208381422886
node_921,node_903,239.4617747703418
node_791,node_431,36.566776195225174
node_428,node_268,55.719683079589515
node_147,node_117,288.3308239267857
node_849,node_65,265.7990422185687
node_812,node_369,121.03405599129418
node_587,node_494,172.3701504213619
node_110,node_760,312.77560404408376
node_146,node_34,117.8784647980558
node_537,node_749,978.0328637890326
node_556,node_427,201.92718548636162
node_704,node_562,403.75643013471876
node_725,node_662,5.044926064115239
node_274,node_849,498.9595648030039
node_731,node_859,394.5407248710424
node_288,node_914,221.37077533934374
node_691,node_252,59.98399301356785
node_36,node_409,662.5592198210054
node_126,node_482,184.65846087664127
node_293,node_844,289.180069005936
node_309,node_661,43.58311000187264
node_418,node_443,1538.9095110287103
node_839,node_235,392.9927838278609
node_213,node_84,170.7760166750298
node_84,node_920,157.82500424407183
node_645,node_662,108.2177508829085
node_342,node_938,361.91824130095205
node_351,node_157,837.4204777364921
node_657,node_854,83.8355849878197
node_916,node_312,66.49866755743723
node_858,node_812,76.31382018293894
node_87,node_882,527.2052243015006
node_434,node_681,192.18207609279685
node_431,node_339,360.53203365951697
node_346,node_648,409.63794796132953
node_824,node_798,65.35562515830945
node_295,node_111,41.9526567533709
node_176,node_342,114.51233332904927
node_757,node_628,18.859168183249842
node_27,node_936,60.543498029839824
node_57,node_497,161.10676750376578
node_330,node_248,83.3505205458768
node_901,node_940,115.12118467244066
node_833,node_167,41.29503980112744
node_884,node_354,18.85061029001284
node_530,node_145,375.9637273897167
node_883,node_892,40.18813656351277
node_34,node_701,308.2391887291205
node_152,node_428,204.67470958190486
node_125,node_490,266.08776936150963
node_911,node_737,295.82767109715587
node_918,node_722,283.75171922992223
node_181,node_498,88.61094489145883
node_41,node_914,53.96075466239331
node_847,node_747,469.1832410453536
node_401,node_545,171.80774472989202
node_44,node_645,267.2260027294607
node_69,node_863,534.3184841718822
node_490,node_550,385.19892604165824
node_9,node_541,376.47409466127806
node_273,node_955,4.415027798060454
node_380,node_328,278.5389266220455
node_515,node_190,597.3850155561631
node_620,node_136,104.2443972888534
node_208,node_271,121.39102641863089
node_888,node_819,368.2904610630124
node_260,node_787,494.6373894875129
node_622,node_769,507.97475748635674
node_771,node_937,399.4486326355502
node_188,node_94,42.78999297670388
node_66,node_495,115.585469487907
node_767,node_520,44.421167425229974
node_266,node_610,700.6057195897577
node_297,node_908,70.51010140447733
node_652,node_267,132.28322961829403
node_507,node_72,428.14183797473737
node_129,node_757,158.63712510950313
node_790,node_614,1126.0064917040445
node_486,node_852,817.9125886306216
node_205,node_985,456.8279826762267
node_734,node_88,49.42212643898015
node_787,node_747,16.801644544760958
node_492,node_129,1007.5244700809803
node_633,node_870,299.91736169268165
node_374,node_581,137.1671670910229
node_98,node_593,69.42115321998892
node_851,node_191,303.2368191042645
node_725,node_826,2.0514071963273577
node_893,node_366,763.4481798881746
node_383,node_215,523.2533612548368
node_14,node_216,117.34922856832081
node_546,node_182,46.35169808152606
node_466,node_869,307.8053691495673
node_541,node_466,465.30844048338633
node_143,node_110,93.35288519705294
node_690,node_583,25.8000663960544
node_591,node_499,199.4535651006365
node_272,node_702,781.9401108293159
node_6,node_154,461.2519290046774
node_547,node_920,728.5078643610464
node_913,node_214,575.8694316643525
node_125,node_920,16.581616063076844
node_685,node_151,78.90851752858569
node_382,node_114,109.60538509517332
node_283,node_898,58.486073681229705
node_188,node_77,176.8575940399113
node_687,node_20,344.32746660153435
node_870,node_221,862.4483359309847
node_178,node_787,102.51094408929389
node_725,node_58,487.73864835283337
node_620,node_896,273.27156806659787
node_199,node_311,312.2478661407365
node_34,node_378,305.12399469476657
node_236,node_615,589.1480380228435
node_0,node_730,73.65989266008758
node_966,node_171,64.90067092828299
node_122,node_842,338.70100762253816
node_928,node_689,154.14559708203257
node_164,node_698,278.1395218256635
node_738,node_431,529.3173959898264
node_223,node_2,370.73071882113294
node_445,node_610,547.6330906986971
node_446,node_367,358.2306697329592
node_414,node_94,634.2833363692447
node_23,node_627,35.83460908368109
node_49,node_501,652.4696752698659
node_334,node_78,976.4800967712214
node_270,node_561,299.39341919565544
node_775,node_590,85.82172608683044
node_558,node_972,106.26301852070543
node_983,node_487,149.82814922447832
node_927,node_255,3.231935977077412
node_752,node_780,1116.1583286206665
node_445,node_78,132.57291576902995
node_888,node_348,220.53084353660165
node_501,node_966,635.8657035644451
node_926,node_703,212.63534543286184
node_549,node_13,1217.8010985627968
node_309,node_385,22.858358351667267
node_973,node_600,271.43197168811434
node_92,node_339,164.55421505907603
node_756,node_21,65.33959825455983
node_783,node_305,313.87465250968523
node_624,node_938,183.76262311847395
node_441,node_502,418.43629741754205
node_596,node_934,116.07598548347349
node_389,node_592,1637.1553891901465
node_324,node_68,760.32261513329
node_527,node_818,16.886262500409593
node_487,node_712,162.74398483894672
node_696,node_833,0.06811919860004206
node_611,node_341,557.1379696251275
node_277,node_673,55.11000636446034
node_421,node_250,20.999539694319974
node_529,node_326,792.7122822687724
node_96,node_512,38.0572016667987
node_259,node_124,128.6962390303205
node_682,node_58,291.3275441629095
node_283,node_105,35.16367419580512
node_227,node_699,1551.7858639174206
node_463,node_801,16.600073049047555
node_873,node_471,11.921101983665343
node_12,node_439,486.45585729997697
node_972,node_112,176.19507229092065
node_294,node_188,213.3286293654927
node_78,node_657,603.0545238485767
node_498,node_797,451.5859519888407
node_825,node_707,1348.6403481353357
node_247,node_145,1300.450075296118
node_295,node_581,85.74709396395939
node_192,node_67,1453.6242157961583
node_51,node_881,30.731734063859125
node_916,node_473,127.20158969849146
node_762,node_430,154.9932400667347
node_434,node_695,512.5608738313133
node_127,node_531,527.2486224596906
node_933,node_839,110.37240408478273
node_240,node_368,79.80253977003383
node_430,node_966,62.15311057535057
node_830,node_696,103.32274582422338
node_610,node_573,141.8985323444473
node_533,node_458,707.1092126205764
node_412,node_498,120.21310660662213
node_609,node_960,919.8649587224756
node_111,node_401,105.99714567140114
node_272,node_293,115.87583450461582
node_984,node_206,458.580637078741
node_277,node_962,302.28066892352
node_914,node_568,21.944043948394025
node_802,node_113,63.26400441500339
node_819,node_852,235.99407499280056
node_932,node_320,933.3307588985646
node_218,node_788,589.0748436462661
node_491,node_890,577.1272546719609
node_679,node_537,215.09702706526733
node_64,node_611,819.0681186906075
node_170,node_272,513.8149615979352
node_534,node_390,66.65059019907542
node_326,node_107,102.31157442359252
node_813,node_451,421.382613998728
node_15,node_326,269.10926918504504
node_1,node_9,64.80330366217622
node_80,node_484,531.2718030698945
node_149,node_799,158.90268576604697
node_128,node_437,37.744626797285946
node_57,node_197,472.6972904799821
node_901,node_44,61.72428782539177
node_534,node_409,70.6778277341869
node_846,node_43,1048.1511342390588
node_96,node_974,360.78864538763514
node_566,node_703,36.92943094565342
node_68,node_828,210.16552364095358
node_889,node_608,212.8693950151601
node_805,node_630,194.87814070613032
node_924,node_153,438.2665532346063
node_578,node_854,300.9332576445809
node_608,node_168,227.21580163929343
node_582,node_514,524.5081476198828
node_286,node_593,773.3948339112544
node_616,node_0,247.56763043417223
node_179,node_735,782.3594375018735
node_9,node_582,522.5600276056041
node_669,node_739,240.8460016353459
node_955,node_208,166.53646835650008
node_626,node_190,321.677628988994
node_818,node_959,810.724646662683
node_719,node_552,224.01661857917588
node_573,node_666,374.1325952324035
node_831,node_493,191.20492999678396
node_441,node_129,142.55286251594381
node_113,node_198,159.8740308738642
node_600,node_214,159.49554092394547
node_511,node_446,257.2550731841656
node_714,node_73,387.6086009133534
node_175,node_426,27.329217660994484
node_40,node_428,236.5608337661343
node_365,node_119,235.56105141776132
node_727,node_228,566.9914180697724
node_351,node_888,84.53013050783018
node_983,node_648,125.94785510708462
node_272,node_116,253.47684888463343
node_93,node_167,376.2596586667782
node_340,node_660,175.97274259517044
node_924,node_151,25.325644903108078
node_912,node_273,391.5468441683672
node_723,node_100,274.41733239834923
node_528,node_72,662.8285012135328
node_156,node_734,1.153357871188989
node_403,node_375,272.965320817493
node_106,node_619,15.263564127230518
node_78,node_154,187.6669346472082
node_996,node_246,408.6622622906158
node_947,node_537,165.3745801686781
node_153,node_685,977.5246873502643
node_337,node_479,201.44412311588025
node_449,node_992,720.8823555486433
node_272,node_928,169.0877397640287
node_695,node_830,387.4165442918971
node_48,node_566,536.815992157799
node_711,node_307,470.03466125372205
node_629,node_774,124.30043254572452
node_867,node_911,12.580588199463417
node_821,node_829,177.15310558143906
node_536,node_265,19.363777632826352
node_143,node_441,262.70412161947326
node_486,node_859,289.64769406682194
node_147,node_335,325.15007110041245
node_333,node_810,35.92005666021071
node_333,node_198,198.89570407261635
node_120,node_300,143.6440013437946
node_962,node_435,227.3740906234545
node_921,node_458,284.9169594493084
node_619,node_285,106.860524134842
node_729,node_555,230.12499677670223
node_589,node_727,342.46129801973836
node_747,node_281,214.59988833699637
node_815,node_995,16.58467639350684
node_745,node_456,132.93195973975972
node_204,node_790,147.15750224362654
node_303,node_379,402.0159706535646
node_275,node_698,837.6642643588631
node_182,node_267,362.058791889623
node_511,node_611,162.53554418105008
node_338,node_673,828.0773859812417
node_237,node_133,206.30099430670987
node_355,node_277,34.33888339744711
node_179,node_122,285.6788955236608
node_372,node_50,63.86004303383646
node_479,node_559,263.06280640211656
node_83,node_154,571.9607483217411
node_356,node_815,132.06033165266888
node_68,node_522,96.11132048599796
node_386,node_377,403.96962537245105
node_692,node_292,38.0455759315121
node_386,node_92,101.26081052899116
node_153,node_404,413.51699697959765
node_888,node_266,365.5587872904133
node_617,node_471,402.67578973089786
node_630,node_525,92.39861304652871
node_777,node_651,64.28137134301495
node_118,node_237,227.92899744672434
node_521,node_633,32.06845513425342
node_962,node_957,500.7117993057438
node_768,node_779,17.705435196667793
node_937,node_396,368.7115780023713
node_84,node_213,685.881490697072
node_849,node_196,39.75352843225944
node_11,node_80,383.10540265561184
node_773,node_391,119.4212289626042
node_266,node_446,7.523005755786056
node_651,node_840,157.21865680974432
node_761,node_650,43.983366544773524
node_739,node_521,503.2309721563457
node_111,node_7,446.7234526061912
node_873,node_459,211.98269006642332
node_751,node_437,415.83273164712176
node_853,node_660,44.148357299250804
node_477,node_678,671.6148393483494
node_854,node_134,101.85251711173343
node_409,node_421,543.1278578927203
node_700,node_555,113.93795451805224
node_841,node_374,12.538598033317639
node_389,node_656,293.06646487204847
node_293,node_919,117.73912381692658
node_119,node_711,123.41487839871895
node_69,node_852,99.11450768808447
node_38,node_983,193.52767475693724
node_17,node_951,416.072240027039
node_755,node_351,560.5934806140249
node_297,node_282,88.45364061767451
node_179,node_937,19.184494548292935
node_793,node_24,38.0809649189936
node_737,node_56,16.255753343087886
node_893,node_342,37.65960772841203
node_575,node_454,172.82259245895904
node_212,node_257,91.30948896479427
node_928,node_228,12.222390758954663
node_802,node_434,258.5500543461127
node_757,node_401,121.23182108403505
node_87,node_583,33.824192264639215
node_683,node_308,31.439758259447622
node_435,node_176,1016.8485162658774
node_185,node_217,600.9021903956482
node_942,node_524,362.0587900026291
node_835,node_41,298.9009982561182
node_740,node_861,197.34405352673377
node_278,node_250,99.35160165934978
node_832,node_139,775.6507249881039
node_820,node_903,56.59095706892563
node_111,node_4,53.95312725451577
node_181,node_12,114.54897242424022
node_258,node_89,217.27075191133312
node_697,node_249,418.02081493593835
node_897,node_970,408.11217395660833
node_593,node_588,591.2683276532117
node_971,node_257,3.18215406185124
node_902,node_281,571.0458607078751
node_203,node_15,10.755054075912417
node_253,node_187,485.9044653678969
node_782,node_996,231.22917293814314
node_458,node_329,381.0705567860838
node_168,node_692,114.03357524961515
node_654,node_361,194.06368797805305
node_774,node_39,154.4365651003137
node_354,node_254,294.6314682285161
node_739,node_852,140.04254282863312
node_899,node_10,357.0160062188601
node_956,node_420,1621.83545826174
node_852,node_495,87.31848887272996
node_218,node_486,70.37412278878274
node_662,node_634,68.27158035114547
node_188,node_254,166.27950975589206
node_335,node_670,6.369896970989183
node_408,node_299,177.0827249381821
node_356,node_255,649.470755146967
node_731,node_520,231.8929896579151
node_949,node_755,147.2935435509145
node_311,node_98,43.055698146556885
node_877,node_225,417.60116990517685
node_617,node_364,338.67558657557896
node_589,node_74,835.0641927635636
node_835,node_180,121.11762160845672
node_567,node_104,434.854988063027
node_767,node_306,68.74939594248211
node_376,node_654,402.4491370210375
node_772,node_220,146.92632730208544
node_306,node_521,108.93314991317568
node_3,node_862,308.8188599519403
node_999,node_803,1126.7319816682393
node_971,node_609,485.60440316586124
node_962,node_520,610.9920321250223
node_657,node_938,885.1483925875164
node_62,node_632,118.45571498750063
node_104,node_973,150.1413953097111
node_424,node_254,176.40569814400857
node_206,node_27,77.75997132570157
node_587,node_627,106.97222648162207
node_745,node_512,55.18408189334705
node_729,node_784,153.23919639673684
node_858,node_855,262.62184048666853
node_169,node_757,49.37145613474087
node_560,node_445,327.85396716659164
node_149,node_131,362.2914414028294
node_968,node_835,210.73950995521858
node_897,node_560,353.02415649090335
node_246,node_381,11.747288268785208
node_926,node_366,1159.425066021157
node_50,node_810,209.11367391507233
node_727,node_688,378.9702498484663
node_79,node_696,479.5563374090334
node_910,node_538,183.1319552677945
node_959,node_477,146.35299340914136
node_419,node_706,358.37139542639454
node_853,node_113,596.243902869777
node_502,node_635,21.36951123397799
node_310,node_468,161.95497433777297
node_862,node_43,68.44479413266266
node_854,node_245,244.72239787062716
node_206,node_150,1071.0123068135892
node_164,node_916,103.11782344652623
node_36,node_332,315.66167872310984
node_44,node_401,57.95606738455894
node_419,node_867,376.9811686638019
node_18,node_364,67.47089541795398
node_760,node_427,23.486240621622617
node_506,node_545,515.348650786247
node_54,node_777,183.04498091685446
node_296,node_972,16.17271166611099
node_889,node_393,88.21014356670646
node_986,node_443,366.8603639515333
node_404,node_391,39.938560646528714
node_880,node_742,303.10688767214054
node_29,node_724,24.758010823643485
node_144,node_68,5.891895585847581
node_573,node_478,160.5397970412426
node_295,node_677,183.2267504456153
node_146,node_483,247.61656695479067
node_652,node_845,282.1027186849204
node_445,node_220,471.0551119799775
node_803,node_377,86.65421403417263
node_94,node_261,718.6253441235061
node_70,node_953,200.48152843852958
node_91,node_126,17.682008520791207
node_237,node_982,15.54826029400485
node_485,node_693,663.3874762282787
node_516,node_631,191.73892440124328
node_942,node_709,911.867113296513
node_18,node_383,370.3311616156719
node_236,node_386,515.4274688942444
node_226,node_744,178.01871161715286
node_152,node_638,132.8355178776563
node_54,node_979,114.13977143303426
node_108,node_865,108.38557388265586
node_950,node_367,868.5347590485972
node_370,node_372,253.7873829383567
node_598,node_200,1.860906498581899
node_321,node_274,889.0931154847904
node_902,node_117,52.823492916658786
node_41,node_314,231.35865685708444
node_16,node_282,89.37306006654772
node_574,node_573,354.1832605931914
node_528,node_836,1615.9160005491149
node_372,node_757,231.80007371726595
node_80,node_550,156.0836794675308
node_428,node_387,1137.6933917034207
node_708,node_669,206.9456347248303
node_727,node_284,77.3442006774383
node_306,node_663,356.20367489313105
node_145,node_937,1390.2305265691011
node_779,node_209,139.07466923210535
node_343,node_714,56.066092913535556
node_208,node_640,127.83458656613091
node_251,node_264,456.67522592052796
node_919,node_699,473.9847778725347
node_725,node_794,125.59676310615723
node_75,node_659,81.6566821955241
node_432,node_108,210.65814793504921
node_46,node_378,2.7385721665969673
node_957,node_102,214.67540156017256
node_145,node_879,1023.0882209720484
node_26,node_731,597.2788584991587
node_678,node_944,252.63790093024275
node_427,node_583,262.47681117871286
node_765,node_161,139.5853471253025
node_401,node_507,183.69160113913176
node_510,node_392,605.3576256776462
node_493,node_199,1020.9678793520894
node_546,node_593,85.35877158653496
node_731,node_157,677.7305266140936
node_467,node_959,175.7936056162172
node_203,node_193,224.02389514566136
node_149,node_158,95.84451538697778
node_403,node_892,15.911821316154462
node_67,node_462,146.46871074187496
node_0,node_134,113.77838107163056
node_139,node_617,116.02255819496533
node_177,node_809,111.08856219176496
node_907,node_870,158.85650173123173
node_585,node_462,257.7924012552252
node_121,node_16,82.96380333203246
node_317,node_808,377.61814388802674
node_251,node_502,205.57913650401014
node_673,node_709,203.23649116343165
node_44,node_313,97.83027905372916
node_417,node_555,348.64778706704686
node_325,node_689,162.07201729188648
node_415,node_962,833.3445468129572
node_853,node_73,38.01655065297217
node_508,node_331,198.23295348466343
node_656,node_518,87.90277234613565
node_833,node_3,28.15016903833956
node_599,node_528,94.88301029027298
node_722,node_324,384.4845184517388
node_904,node_730,213.47609378671402
node_276,node_535,603.483352187824
node_151,node_954,162.5637536375059
node_323,node_868,21.138750503122747
node_309,node_802,93.09879873070868
node_619,node_472,451.1559051768931
node_323,node_813,559.0361033904065
node_666,node_261,348.69032100330224
node_743,node_240,18.851763569767893
node_769,node_760,451.1418403193154
node_65,node_819,58.08443761487967
node_473,node_533,108.76247973472536
node_438,node_834,104.4066436414163
node_441,node_395,389.50540518621455
node_83,node_614,1311.4678178591969
node_808,node_824,325.6951196152219
node_267,node_524,739.8788945831851
node_352,node_56,418.05390219434327
node_335,node_639,96.33685831110567
node_258,node_887,121.83906745619186
node_522,node_893,659.4691741559313
node_183,node_905,299.67549813821984
node_161,node_578,15.756268941817622
node_586,node_236,203.18317074099414
node_65,node_69,60.181195151997485
node_415,node_531,116.94092715150072
node_945,node_463,187.07817360404178
node_710,node_550,788.2691687860824
node_394,node_325,368.91088687629224
node_90,node_749,448.66842182730113
node_641,node_213,296.9867987059488
node_334,node_763,11.858391998761384
node_583,node_676,434.16541700581513
node_288,node_789,493.16776905005827
node_132,node_998,520.7494030810765
node_373,node_372,603.3862144104639
node_754,node_478,105.52225084538588
node_590,node_681,169.69573502997216
node_299,node_81,74.66435477650613
node_15,node_821,263.8684518728388
node_609,node_667,222.82495318513114
node_908,node_680,93.24184340047879
node_836,node_374,171.63592602330178
node_742,node_300,406.78630105947747
node_188,node_858,113.82668674223069
node_492,node_922,74.48531878299168
node_518,node_425,689.0182511665316
node_186,node_549,146.66858339653356
node_987,node_737,1046.9190779249884
node_223,node_153,212.17360033183027
node_146,node_904,808.0141363306012
node_181,node_636,56.11622613504418
node_38,node_771,187.08657503567514
node_63,node_28,800.6730300813201
node_96,node_869,357.8989671726352
node_410,node_992,543.0599755385457
node_734,node_101,1113.975241121259
node_602,node_163,517.5208364094635
node_337,node_122,312.67707336980845
node_610,node_290,315.10710864233346
node_614,node_896,728.5076631395503
node_485,node_595,12.230340448521575
node_50,node_897,525.2837008681727
node_491,node_508,184.49142746536623
node_580,node_776,167.00575741973609
node_187,node_229,791.6504444674198
node_9,node_113,112.03862599507295
node_501,node_84,20.50141757709573
node_837,node_688,1189.704078919207
node_388,node_217,344.1943219739273
node_345,node_229,109.98774688520587
node_25,node_583,126.04500123440873
node_270,node_122,32.452407597976354
node_655,node_420,45.13957422617046
node_46,node_862,1081.2920327210784
node_207,node_310,204.3532209932508
node_833,node_437,400.48248010686467
node_89,node_697,255.12318305959838
node_357,node_173,832.5526304289923
node_455,node_775,177.25801335645926
node_198,node_831,121.89575400407853
node_199,node_370,299.127750300642
node_852,node_447,382.6676161977713
node_263,node_57,279.2338546520969
node_497,node_248,224.62978056272271
node_776,node_270,345.4029118692526
node_393,node_796,389.98259077871523
node_803,node_83,63.010244318337044
node_548,node_341,885.7792269676581
node_424,node_743,40.01487603330701
node_613,node_411,34.788611640539145
node_158,node_13,1916.4664868992486
node_504,node_72,100.24699928578008
node_602,node_215,1019.39104542912
node_540,node_946,90.4949948444449
node_987,node_219,377.23392845766745
node_220,node_388,670.7970038767216
node_41,node_675,100.13788481315333
node_57,node_813,109.50439165300405
node_72,node_884,290.0762116487722
node_598,node_841,215.74594446470334
node_664,node_693,119.50393651430254
node_5,node_636,116.72615939425289
node_564,node_577,22.0266184830096
node_81,node_598,496.9506857506052
node_661,node_804,206.2862606485671
node_535,node_367,106.97612282465207
node_960,node_208,169.6845444671415
node_116,node_627,923.3219645359246
node_104,node_494,466.66540417170023
node_822,node_330,73.66617687529634
node_959,node_491,14.78195931663895
node_844,node_448,4.426636662331567
node_457,node_546,1119.9876688280615
node_483,node_975,69.99833345905267
node_570,node_976,87.65943586952497
node_206,node_911,255.94487982532993
node_993,node_778,536.378787548387
node_729,node_114,727.8767117065223
node_836,node_482,54.24805709057885
node_74,node_977,1239.2578811681444
node_296,node_177,249.44296096347566
node_314,node_38,740.5562750152034
node_6,node_48,678.4782407180005
node_868,node_175,320.62521711573527
node_894,node_454,75.72781423135821
node_275,node_497,345.5803097075826
node_799,node_27,220.74487815573553
node_187,node_55,22.106046708311215
node_797,node_309,122.69847947270513
node_438,node_728,216.94848316389147
node_594,node_576,34.02533123655084
node_306,node_533,180.64484541584176
node_108,node_371,549.8097510539418
node_355,node_675,27.23450950296854
node_691,node_180,54.07336424855392
node_463,node_680,136.66425065105008
node_65,node_20,73.88646737686678
node_811,node_614,5.348407140246145
node_284,node_821,56.69419642868972
node_784,node_335,214.323662908282
node_242,node_72,165.90255354175187
node_560,node_100,60.79045623041094
node_175,node_237,188.7802128170439
node_864,node_98,76.96253473472778
node_953,node_494,654.2237403821608
node_513,node_754,75.93110461809664
node_122,node_228,509.65636164291067
node_387,node_139,201.55597117664576
node_269,node_758,24.461190112148827
node_388,node_336,31.056968547946454
node_31,node_73,846.5195651172045
node_68,node_812,82.06759832590463
node_432,node_928,192.77971966635826
node_657,node_8,95.00182691266453
node_28,node_892,53.222129898799835
node_920,node_142,113.81692183043613
node_681,node_156,342.35637046876406
node_259,node_81,183.60501814711694
node_944,node_171,685.2657692643664
node_74,node_269,1170.6743126252666
node_625,node_61,57.333946537454935
node_101,node_428,259.96225666464784
node_953,node_254,58.56782920870521
node_111,node_984,491.1908361741608
node_460,node_707,160.18018894793232
node_864,node_91,81.0695985427827
node_519,node_811,440.93048158580046
node_900,node_373,1339.374344945791
node_556,node_648,19.125612760752446
node_288,node_637,221.276100241299
node_113,node_203,456.6053455757201
node_473,node_696,90.59988627226498
node_904,node_921,152.9639608551958
node_514,node_429,216.8109812767985
node_690,node_140,709.6604348751625
node_674,node_310,16.764223891026823
node_641,node_444,46.512805587846415
node_171,node_575,390.0097652917389
node_46,node_129,83.7984042533111
node_844,node_621,197.99186240701016
node_105,node_811,283.3619443326102
node_823,node_682,134.26432753478588
node_161,node_996,207.9645041999391
node_766,node_453,261.85262016016355
node_834,node_396,10.502679588182922
node_312,node_125,587.5547134932451
node_197,node_810,148.43428285562413
node_816,node_809,503.9722979586563
node_483,node_449,85.82383270617214
node_353,node_985,50.31824380301026
node_99,node_615,8.767222269638994
node_555,node_277,97.36372007012187
node_989,node_625,127.05720636157898
node_380,node_891,291.8430794389076
node_609,node_824,958.8720047590768
node_114,node_275,379.0879417430531
node_274,node_772,126.19393442091199
node_895,node_327,351.15294371015705
node_922,node_551,299.9996437044874
node_26,node_701,223.42935451387396
node_945,node_681,416.54201654745833
node_699,node_168,47.17770685277867
node_228,node_978,94.08042433418109
node_527,node_790,144.81872335886166
node_863,node_523,130.02982468431838
node_105,node_731,21.54799189341798
node_688,node_281,273.11678382679276
node_974,node_268,8.881137693914425
node_618,node_790,16.3075329704265
node_17,node_753,17.202301081081508
node_793,node_143,363.28167028498274
node_928,node_665,174.75230555186712
node_752,node_421,103.16966744089534
node_645,node_557,704.4405101303888
node_105,node_215,270.5214346261897
node_424,node_71,289.2876108679629
node_784,node_758,73.66464254513947
node_185,node_69,534.64606261851
node_245,node_773,200.1433861072165
node_651,node_98,304.07672433860034
node_562,node_662,182.92255971909051
node_103,node_945,797.5021125885872
node_724,node_232,60.13273780856548
node_694,node_250,15.641544813034342
node_51,node_897,575.45849709045
node_225,node_50,809.1429041639472
node_802,node_741,144.40620415644165
node_631,node_442,329.35035159143445
node_431,node_703,264.42797889535905
node_322,node_209,1012.9807192421621
node_371,node_459,313.26307137965705
node_650,node_120,379.2882107150394
node_964,node_128,335.7238521675391
node_574,node_28,668.9930923839789
node_332,node_296,120.55314646755573
node_172,node_719,1327.2038436131677
node_98,node_405,395.71713209753614
node_502,node_825,71.50808630524051
node_930,node_495,99.08693293454242
node_827,node_350,80.09927010029378
node_298,node_719,634.5655272799863
node_191,node_671,125.36929603835071
node_769,node_663,2.1351237617953607
node_165,node_542,523.6458479021527
node_793,node_540,52.18687886241469
node_333,node_767,287.3610511064776
node_832,node_436,292.2927588260616
node_857,node_913,138.00418244913396
node_598,node_148,499.69962803572474
node_404,node_282,882.1059365347373
node_197,node_555,198.4232047239116
node_428,node_16,715.0124657629567
node_679,node_505,826.9831079582909
node_75,node_230,470.0726413686459
node_247,node_301,490.6101702905694
node_157,node_68,102.38829371983556
node_266,node_68,15.343827271753645
node_961,node_727,1005.1108014867341
node_422,node_605,153.07673688856852
node_114,node_219,230.6655045256527
node_522,node_342,89.43226408475677
node_999,node_616,4.343172951647352
node_1,node_870,274.40654519958355
node_57,node_388,919.3085274712097
node_340,node_860,375.2210783014056
node_316,node_37,330.1829494295924
node_536,node_385,435.1453960710123
node_25,node_453,117.22150906265908
node_322,node_736,230.70124366271065
node_772,node_12,71.8715731983334
node_559,node_920,26.25322332981641
node_290,node_331,431.31929481837494
node_993,node_789,92.86850917593085
node_696,node_686,38.162189793476216
node_891,node_820,817.3463442315947
node_68,node_471,398.4372401198988
node_160,node_199,220.74262134129683
node_211,node_507,506.24467505261185
node_883,node_331,105.67499922752387
node_550,node_600,31.354150564428444
node_991,node_765,91.42628383890356
node_814,node_171,41.40043972752289
node_497,node_470,31.996946391220785
node_588,node_699,132.0483180228819
node_526,node_803,30.49043417253346
node_324,node_213,115.72377185457535
node_329,node_279,486.22425654756984
node_145,node_774,162.3256597756661
node_452,node_59,102.38254739723877
node_226,node_473,361.539932031532
node_662,node_756,33.54657712442749
node_432,node_800,505.61243422627604
node_400,node_278,216.16653092718698
node_976,node_185,230.16018870854467
node_787,node_157,565.5636071807578
node_358,node_439,191.5423119711691
node_662,node_445,562.7739382334678
node_742,node_487,155.01286627528899
node_928,node_927,203.13964694330326
node_16,node_530,81.67540646248149
node_994,node_631,199.94150634752035
node_595,node_920,33.89047871604525
node_201,node_343,894.4374214693518
node_858,node_399,55.48685147581769
node_764,node_221,110.05557048116691
node_591,node_6,117.0895590689416
node_15,node_423,25.67087672778409
node_802,node_752,334.7536515006364
node_938,node_227,97.76565266434078
node_287,node_808,206.45769896418776
node_282,node_403,393.9247118273618
node_648,node_603,327.2227310049775
node_933,node_258,201.57970118580522
node_102,node_992,384.87090499395316
node_100,node_197,746.952045949522
node_942,node_462,186.30952662050788
node_120,node_909,344.96507116302007
node_710,node_813,515.9754763074378
node_542,node_983,62.84086293398265
node_796,node_617,93.39865204041342
node_909,node_231,80.11691192813012
node_441,node_495,39.61090201369786
node_702,node_501,398.13525639781
node_186,node_287,10.57958531773872
node_877,node_913,738.4551166671424
node_136,node_507,181.30626275409836
node_839,node_915,391.28938597656196
node_85,node_466,67.72443310301264
node_859,node_866,145.05452429975043
node_778,node_798,601.3994413220927
node_998,node_99,390.075105516992
node_402,node_395,266.1113881801769
node_938,node_612,67.2105006542189
node_540,node_625,65.07268464085998
node_363,node_129,290.7151463684973
node_243,node_387,360.5772123299589
node_165,node_790,568.0667630186563
node_882,node_842,191.21260159621997
node_705,node_122,404.5589087173608
node_138,node_228,423.83976012875894
node_561,node_909,200.46309617206754
node_994,node_904,876.6714706113488
node_702,node_875,233.10036604822298
node_692,node_934,19.491977012183646
node_411,node_74,9.902893319036796
node_20,node_905,385.4792752500412
node_210,node_559,542.5110208005253
node_699,node_371,107.5067297174393
node_817,node_150,139.711272775556
node_259,node_987,201.38689770672474
node_520,node_632,1293.0679057533139
node_100,node_660,46.00877886959134
node_864,node_967,294.9224878029985
node_511,node_848,543.1721333441939
node_225,node_517,224.60280307284586
node_66,node_395,56.19312843335042
node_236,node_833,115.17742813614993
node_406,node_924,70.76142843112224
node_646,node_221,1053.138516384764
node_427,node_157,486.9050145550756
node_325,node_370,28.234570920545167
node_282,node_849,29.124008509239438
node_887,node_279,66.57252972200483
node_679,node_46,0.6559594728285473
node_213,node_757,45.68102907897675
node_273,node_555,29.493258003746174
node_362,node_667,283.1960154016326
node_710,node_918,673.3152276153718
node_906,node_469,91.41581005719084
node_115,node_604,783.8174541429177
node_378,node_721,113.74342776271487
node_731,node_279,343.50887650265463
node_117,node_236,353.7977288187016
node_899,node_474,804.9747162869921
node_992,node_304,93.56896735276199
node_327,node_102,250.2349534495454
node_281,node_440,455.02032788750887
node_6,node_638,156.47424673759818
node_934,node_189,143.0641945782501
node_510,node_461,58.23557807082286
node_485,node_643,21.901998421924343
node_363,node_111,209.8577444896211
node_741,node_667,1.190341304088244
node_875,node_734,145.24169917640043
node_249,node_915,52.00583922544375
node_379,node_906,163.15007507681167
node_470,node_774,328.83237305969067
node_454,node_365,74.95082683983479
node_402,node_57,208.11851603517744
node_114,node_209,55.610958049827836
node_172,node_233,3.1823100171075627
node_589,node_619,244.1464364624003
node_38,node_118,101.55149172366603
node_538,node_615,36.85565219819821
node_323,node_146,289.94585675301215
node_212,node_634,542.900019016104
node_928,node_751,38.514314086489556
node_797,node_21,51.098739632658436
node_104,node_465,554.5717729559423
node_769,node_715,1195.7238719136076
node_618,node_762,108.31926646829615
node_220,node_378,129.2380449090293
node_712,node_366,20.36357610263583
node_224,node_713,268.1139605399409
node_182,node_711,88.5797160590821
node_443,node_864,556.756043709386
node_235,node_126,526.1100260783626
node_914,node_479,430.88183339915247
node_234,node_499,69.7731835660248
node_551,node_799,606.8574676445946
node_893,node_775,1019.6769229665778
node_609,node_136,46.22017782581082
node_418,node_753,909.112062394502
node_436,node_309,607.7091805158678
node_280,node_322,129.3209753352628
node_950,node_941,386.81336072018945
node_301,node_277,458.25179380570455
node_7,node_806,199.2319376385812
node_560,node_301,144.55647262591535
node_821,node_420,141.57305868608748
node_807,node_545,223.9305770037199
node_747,node_894,134.71617423078973
node_686,node_877,333.26072203002286
node_975,node_732,97.52082701173306
node_443,node_112,385.70085150297217
node_404,node_697,312.9987358578056
node_777,node_773,288.78127501923854
node_120,node_652,236.73206002879505
node_824,node_238,25.495486903583135
node_521,node_968,903.2215713568808
node_194,node_906,188.59187312495712
node_920,node_688,11.487007531059785
node_10,node_445,231.7185928771379
node_550,node_52,83.56696327770321
node_998,node_823,55.26216854581141
node_55,node_117,185.25175370499497
node_797,node_779,85.29152675836605
node_844,node_179,315.78072023926467
node_234,node_854,162.2352637645403
node_79,node_646,95.92375344150041
node_842,node_439,272.0941930911797
node_92,node_191,2.2155095908276805
node_395,node_6,11.475296196741025
node_566,node_230,760.6232963186145
node_239,node_89,233.3192940232165
node_232,node_353,870.219883973242
node_438,node_374,20.130309922883928
node_663,node_427,82.42778711929607
node_140,node_414,182.34723299085417
node_283,node_955,132.37610482130253
node_222,node_743,210.18415683349866
node_275,node_681,327.20415382185496
node_712,node_22,822.4341182691464
node_879,node_269,70.46935877533612
node_332,node_84,261.2905062944499
node_740,node_239,16.557764487098407
node_821,node_388,57.228915150978736
node_298,node_856,311.19522437376145
node_46,node_998,396.0143243751381
node_479,node_578,1442.2517369922555
node_678,node_548,537.2729367063798
node_597,node_381,313.8644249935842
node_51,node_602,301.335083483156
node_336,node_809,175.53062728314745
node_237,node_381,567.2295840152703
node_135,node_406,753.0573860047425
node_380,node_880,238.73998249089658
node_253,node_476,262.4494149361236
node_527,node_144,323.93936589349346
node_375,node_503,7.162414240751044
node_549,node_180,106.68054994707691
node_611,node_601,70.06336457507562
node_443,node_331,63.03823012456114
node_78,node_584,111.75725189989785
node_687,node_395,447.40110793052014
node_102,node_401,478.86294569163505
node_517,node_633,655.2851661566023
node_115,node_162,122.99818136018025
node_181,node_248,51.201844966569475
node_209,node_655,436.8205585159552
node_95,node_893,268.06869718329807
node_85,node_414,850.4869962462573
node_695,node_632,217.20084274864234
node_603,node_581,247.76007342593448
node_132,node_790,36.5628311921969
node_698,node_220,226.2092303483281
node_45,node_789,6.378399359181801
node_378,node_787,9.907800187182788
node_38,node_292,232.43331062564653
node_330,node_885,198.61849787547277
node_798,node_634,240.6797365737013
node_33,node_241,1728.0376919136286
node_112,node_317,207.44646717453156
node_823,node_646,19.355080045678534
node_700,node_642,78.56339270819362
node_211,node_417,1203.5056032270088
node_127,node_875,644.1698195889052
node_826,node_393,200.0982796984613
node_511,node_913,573.1005841649917
node_218,node_442,90.89854302810694
node_176,node_227,388.72063562657877
node_671,node_905,178.8515487459004
node_837,node_378,237.60066479037988
node_686,node_289,420.4445755788458
node_656,node_743,233.01037299887957
node_203,node_212,390.10440429750986
node_322,node_593,133.78743454799903
node_319,node_82,1056.3852280747776
node_783,node_199,93.79943420841079
node_691,node_943,543.70442535956
node_511,node_688,97.28498698428731
node_748,node_137,367.2376192277362
node_822,node_128,147.63784154500405
node_788,node_292,665.7875086574712
node_310,node_536,47.07510776131467
node_233,node_208,988.7108191541689
node_326,node_224,1229.2749084092334
node_791,node_10,10.988538720692961
node_34,node_446,101.38408561821875
node_219,node_440,98.27850697126699
node_594,node_228,16.125586103574356
node_79,node_352,560.2893474511884
node_454,node_842,213.0752057381895
node_127,node_701,559.9383920251595
node_897,node_358,1185.247462358738
node_74,node_545,76.72504321012974
node_842,node_28,471.84468265979535
node_15,node_422,20.695663897339685
node_592,node_404,7.539105034422473
node_530,node_966,136.41244507608783
node_76,node_228,242.64855945860972
node_509,node_714,781.8904550577282
node_572,node_537,23.52217093345271
node_614,node_978,331.97708323461694
node_668,node_874,184.8235942792493
node_786,node_323,62.66121318886638
node_624,node_824,1026.3720735686795
node_603,node_797,204.85567763672995
node_152,node_736,245.7060990475263
node_626,node_773,46.79848328566214
node_91,node_138,121.98682681616914
node_332,node_868,264.31641448390815
node_51,node_706,429.39502818771047
node_717,node_798,136.8474419572734
node_438,node_877,421.86652755676255
node_996,node_921,82.39090021447683
node_597,node_508,60.93349445943623
node_502,node_853,50.469291178825266
node_675,node_5,358.21962740197597
node_716,node_117,146.5541990557318
node_600,node_665,247.73686719878725
node_467,node_160,24.528963314727573
node_227,node_848,24.323644729126883
node_143,node_749,757.8617428489848
node_339,node_412,138.84474684761454
node_343,node_386,640.3821995979337
node_352,node_65,403.61857269631753
node_635,node_201,331.83082163424774
node_557,node_112,190.86053653385565
node_288,node_900,63.60995248300615
node_410,node_376,181.51827261936813
node_151,node_834,145.36178404705413
node_318,node_368,414.6895275410185
node_559,node_702,37.499572621003395
node_155,node_683,760.5687812578726
node_400,node_807,228.73645038307933
node_56,node_854,136.7252726205503
node_202,node_696,222.25172147481155
node_201,node_329,41.45642253230543
node_453,node_355,827.3465343955739
node_554,node_886,611.0092716528469
node_185,node_248,85.43087253060229
node_133,node_320,32.22454253462902
node_21,node_872,66.81924271644736
node_124,node_78,208.9653900055573
node_50,node_727,36.0513032301832
node_252,node_965,199.11898784742215
node_105,node_192,511.7196311678473
node_547,node_953,494.8147310922269
node_778,node_267,243.49193995767712
node_550,node_454,159.31754994711358
node_563,node_798,328.77349783449444
node_145,node_424,305.9748265896905
node_663,node_712,712.1166485098149
node_822,node_252,26.781355206390106
node_699,node_385,423.61420805106536
node_770,node_810,204.7197757658044
node_322,node_55,93.45657387636554
node_782,node_620,686.5955161582652
node_137,node_421,347.2343886707298
node_561,node_70,66.19513486833206
node_593,node_371,157.65173702117522
node_513,node_871,264.2490566029028
node_42,node_665,48.67702975296049
node_605,node_809,392.15119665384117
node_64,node_289,133.4181060941299
node_466,node_897,147.33556416380162
node_572,node_470,109.47959367699083
node_323,node_894,809.3098089998637
node_403,node_81,472.065729645659
node_381,node_864,311.8470864831107
node_291,node_452,12.760795750597163
node_955,node_862,254.12246905397643
node_207,node_791,222.1710244657139
node_437,node_537,13.32144568935149
node_421,node_749,625.668160640781
node_586,node_946,5.340807564917106
node_540,node_164,226.23414221035637
node_565,node_294,105.88741464590456
node_284,node_938,69.8788072176218
node_137,node_186,487.42206041252234
node_715,node_430,100.03321245273543
node_415,node_799,197.50277894004108
node_25,node_370,133.35629783904693
node_252,node_633,144.6153137244627
node_848,node_669,7.552119637051217
node_966,node_307,77.32347936480107
node_533,node_801,571.6689936232711
node_640,node_584,93.25051892164218
node_978,node_355,77.367890405965
node_556,node_451,206.8653280087582
node_149,node_145,520.7461248027679
node_298,node_166,160.89799705020036
node_722,node_47,172.75940227070527
node_6,node_463,103.25306348645249
node_896,node_370,23.55945798332171
node_210,node_164,10.736963081576087
node_191,node_729,463.35284605255134
node_327,node_956,239.3421249490462
node_577,node_797,192.7944436839716
node_699,node_81,3.3223363086838615
node_201,node_919,50.52867269265121
node_36,node_643,370.12273149061724
node_972,node_401,658.2087853339569
node_855,node_705,46.24127163112277
node_569,node_466,468.1578981434859
node_546,node_998,194.51514403067452
node_832,node_41,341.0547565449041
node_699,node_622,1481.4440922868648
node_440,node_836,101.65157447760853
node_917,node_319,108.85429758130249
node_70,node_567,0.428809240063724
node_280,node_986,543.9502585702908
node_886,node_161,2142.0193155782254
node_59,node_892,98.74089035368056
node_818,node_699,53.7608193926037
node_286,node_993,472.2792167910717
node_348,node_441,1107.711700630508
node_419,node_756,639.3405901083528
node_665,node_547,35.919163020181294
node_27,node_707,303.2674975583763
node_469,node_715,168.54687675411014
node_103,node_741,400.4461332432992
node_540,node_638,1360.6917008038638
node_105,node_678,131.5585892684267
node_806,node_276,209.83020324758803
node_899,node_187,391.9570138008378
node_137,node_342,837.6871088742017
node_379,node_109,570.2986400755655
node_353,node_742,524.4173427437754
node_693,node_851,152.48803079298492
node_512,node_132,188.98824814623597
node_752,node_539,977.9987517504477
node_495,node_620,30.95704116051807
node_368,node_865,17.638220744633248
node_650,node_795,74.30364935691375
node_98,node_316,170.35159038154927
node_798,node_592,403.51653737165793
node_521,node_519,121.80647228105677
node_314,node_945,446.1595626926946
node_541,node_478,3.8713668866618445
node_19,node_559,194.53611950951583
node_292,node_896,80.58585081429526
node_53,node_889,588.7706907772523
node_264,node_981,197.4644816639717
node_457,node_801,1109.6127053195064
node_861,node_277,72.72430602942362
node_129,node_349,65.91084305028808
node_105,node_911,338.1896840719097
node_756,node_583,804.4710068594712
node_908,node_526,214.9404893219158
node_519,node_329,703.37752568423
node_113,node_146,137.01380005553995
node_378,node_138,52.08998136550815
node_275,node_915,738.6477866061509
node_824,node_177,38.74417753248826
node_153,node_925,720.5349375342707
node_114,node_670,161.50269196640724
node_67,node_444,274.14641812036996
node_845,node_707,77.14920356108514
node_879,node_358,717.1303064250112
node_508,node_178,5.877576008128592
node_830,node_476,296.62515130899595
node_413,node_152,721.0091531415171
node_127,node_710,22.386909334381805
node_789,node_344,949.3635837859835
node_537,node_425,228.0171036211169
node_22,node_46,149.6884230534383
node_833,node_705,258.8762512179928
node_667,node_588,209.79340216831284
node_972,node_798,290.27626062568123
node_693,node_481,581.2267792743397
node_296,node_111,64.26986420955843
node_95,node_949,439.2951679521977
node_155,node_420,437.3157057345907
node_329,node_438,230.14151082271093
node_381,node_137,1.4689302035419582
node_269,node_549,33.708325962213415
node_912,node_463,197.8294575386792
node_330,node_252,214.4234117984145
node_284,node_273,540.3601397106645
node_269,node_417,198.14721829277732
node_30,node_825,36.78691767708793
node_185,node_127,226.1180621247584
node_280,node_958,342.36216995640825
node_711,node_731,297.36340380417795
node_2,node_962,434.7964783182479
node_853,node_464,96.09595958118712
node_653,node_498,142.04873597708175
node_861,node_916,21.671449190257892
node_991,node_138,785.2058481444392
node_52,node_686,143.21694310889026
node_947,node_647,334.7215617714914
node_683,node_935,31.232837121637928
node_93,node_939,603.0265676368334
node_858,node_212,570.1610486504337
node_507,node_835,239.1716253597577
node_380,node_72,144.4952724734222
node_840,node_76,384.02206339586104
node_409,node_613,318.4622011615412
node_550,node_475,51.92224986768976
node_87,node_722,177.01032349118364
node_76,node_441,252.72716957301003
node_577,node_777,424.64172268419355
node_716,node_569,269.66987720318355
node_141,node_892,1.417069201805718
node_142,node_351,102.90271578187381
node_151,node_157,47.70397912974312
node_957,node_762,1087.6763822635219
node_655,node_449,83.49595521642188
node_42,node_263,29.31929392101482
node_636,node_267,655.5523919584767
node_333,node_463,160.1487385337446
node_176,node_62,141.04880712139527
node_560,node_306,115.27724484087993
node_797,node_954,811.2666998218388
node_849,node_254,164.3661154282933
node_790,node_717,699.3858377086582
node_812,node_829,160.49810687188167
node_270,node_745,276.15485040605785
node_229,node_941,159.99421090130323
node_245,node_939,171.83529551908774
node_734,node_701,527.9473759624468
node_949,node_87,11.87587370292868
node_65,node_661,230.75426154829887
node_839,node_792,540.4643610025299
node_865,node_824,108.38058379198688
node_54,node_60,190.8633409117198
node_271,node_245,9.468293823907288
node_627,node_316,82.61246947519594
node_661,node_130,26.118376521650223
node_781,node_291,260.0624540096647
node_360,node_337,727.6865661635911
node_48,node_486,291.46755671278737
node_730,node_568,62.02332464864017
node_624,node_132,436.7169421438371
node_56,node_375,141.87145143719536
node_482,node_110,0.07231011942919013
node_75,node_157,70.04598529371947
node_642,node_328,491.823566968852
node_166,node_921,63.78029180073921
node_278,node_762,602.1809997323984
node_8,node_12,24.537549858108257
node_818,node_831,413.0836489551424
node_549,node_611,509.1421905351807
node_190,node_50,472.0221799565314
node_679,node_822,203.97547384538694
node_938,node_299,1246.648641569649
node_416,node_663,49.543139878366134
node_639,node_616,100.3433494510731
node_147,node_364,177.03090696449692
node_651,node_701,92.35198996894366
node_491,node_228,596.2535859295012
node_536,node_267,268.0770121836054
node_10,node_319,5.445565417662196
node_305,node_701,24.469452583203516
node_354,node_627,461.14471430324573
node_13,node_256,43.679290114683305
node_442,node_839,530.5808661148411
node_616,node_482,189.19184594517333
node_520,node_629,186.8353682976911
node_143,node_288,182.15923714555288
node_256,node_345,725.1437413903034
node_399,node_206,220.33484281130347
node_171,node_463,452.2213156043042
node_151,node_622,275.60597614152306
node_850,node_71,206.4873470784896
node_282,node_73,60.60655521118967
node_496,node_327,169.92114489397167
node_579,node_909,23.203141888488933
node_361,node_92,60.497235736825964
node_383,node_574,304.34031021373664
node_880,node_345,402.161794311247
node_214,node_191,434.5870347464172
node_718,node_780,198.60183969819553
node_379,node_402,5.558697118594199
node_599,node_10,289.16029459207647
node_14,node_777,26.909898488032226
node_955,node_584,770.0579676537689
node_27,node_576,40.781181479497114
node_427,node_649,269.3017843245565
node_765,node_988,13.392825520601836
node_293,node_742,661.4986819135711
node_103,node_203,67.46818826397823
node_939,node_374,285.1108465593566
node_275,node_334,20.802159915791634
node_57,node_104,84.209983156992
node_495,node_252,161.31193645580453
node_157,node_548,751.3554385214808
node_753,node_298,63.689783211526944
node_819,node_100,716.0630273590034
node_835,node_750,20.4290030378363
node_873,node_380,254.5178035658551
node_446,node_108,39.19714394633252
node_811,node_981,634.7387929665405
node_441,node_217,197.331067633282
node_527,node_277,97.7787323616806
node_573,node_874,418.7036913161919
node_753,node_601,242.3157733393126
node_29,node_358,433.13026150269343
node_85,node_233,749.4290917466491
node_364,node_776,1242.787361283873
node_904,node_268,446.4996511930057
node_802,node_992,191.40638617893552
node_350,node_179,14.254202735300266
node_888,node_162,295.1285462261161
node_95,node_773,211.35731127064983
node_980,node_352,109.66969935040994
node_82,node_224,82.03864208738221
node_980,node_117,515.2222425438868
node_590,node_589,213.10474599291032
node_381,node_782,393.8329232238172
node_584,node_868,400.75283637843603
node_933,node_537,599.7266367428612
node_636,node_946,372.5250575683643
node_634,node_308,589.2939266887354
node_709,node_589,91.31262291327464
node_855,node_252,197.92191072503914
node_75,node_50,142.61224662952196
node_730,node_121,30.549601449889177
node_537,node_684,1436.94939737963
node_375,node_81,70.9174590278381
node_924,node_272,1196.1467615602332
node_572,node_122,442.5046451386844
node_329,node_408,766.1740835810136
node_110,node_769,143.37410911391837
node_432,node_709,278.71497564088577
node_98,node_538,199.8960993141958
node_693,node_256,58.225429606785816
node_870,node_898,234.10887385363714
node_808,node_676,435.9317290147351
node_519,node_549,882.9812241952055
node_567,node_942,43.68704770145283
node_649,node_613,35.84095215900624
node_168,node_338,60.84776823412054
node_886,node_734,156.58443848081342
node_286,node_691,474.930666931964
node_471,node_481,56.17668638968157
node_559,node_108,213.46263147526173
node_549,node_680,283.7588696980486
node_202,node_324,376.26664197187654
node_243,node_326,729.9946189043495
node_760,node_590,84.1982723940448
node_906,node_379,107.97980215917623
node_341,node_859,1073.2387208391522
node_72,node_745,34.96611835003444
node_45,node_503,165.16011092126777
node_207,node_928,175.2306582764523
node_123,node_9,235.49843656366522
node_542,node_667,192.41411163796806
node_898,node_885,609.3122264331001
node_441,node_216,170.7742633721788
node_535,node_717,708.0075009321141
node_710,node_355,227.74313488824941
node_666,node_164,14.461378026074257
node_90,node_166,595.8307782270872
node_281,node_64,502.05481406800595
node_156,node_760,737.2123423570376
node_305,node_877,702.8754908151204
node_73,node_186,241.1150476984679
node_675,node_567,13.461896734298778
node_239,node_532,176.35518819230816
node_138,node_458,63.36949517373739
node_629,node_197,0.12048739971895486
node_567,node_798,24.76988876584127
node_686,node_858,146.44363008008563
node_973,node_639,131.54921695006482
node_324,node_441,996.5718179320339
node_225,node_63,7.113561877305004
node_559,node_713,623.8533426160943
node_925,node_916,29.799068590639536
node_256,node_576,279.43184302116094
node_37,node_24,16.519559600910544
node_570,node_987,292.2946709251346
node_382,node_808,210.39619561647822
node_432,node_47,100.01612011027272
node_430,node_55,554.4305860718039
node_68,node_727,24.361020888989692
node_600,node_448,203.64392936340522
node_671,node_489,1148.6558223529853
node_48,node_658,200.51754296058297
node_412,node_433,305.984494049354
node_951,node_144,168.80226276466954
node_419,node_572,656.1121005819884
node_843,node_443,735.0732954161391
node_642,node_554,105.9631640441655
node_963,node_976,9.513325166344696
node_45,node_169,224.34116963835902
node_847,node_138,135.09946200886742
node_229,node_791,1362.6449274036713
node_373,node_79,319.18250697412367
node_64,node_87,892.2864640597396
node_725,node_203,227.8417564532251
node_600,node_475,364.0720673771084
node_605,node_818,64.62298362367113
node_73,node_60,401.9959022959087
node_218,node_11,255.6370803939011
node_31,node_159,593.3362581670034
node_236,node_738,219.25033737208892
node_557,node_340,79.99456091727924
node_646,node_771,93.79744880641627
node_758,node_472,228.82438401772256
node_111,node_979,151.3920690901923
node_821,node_630,201.60524642316082
node_492,node_330,93.49994974718291
node_872,node_485,190.90814904812257
node_554,node_879,847.2403999235977
node_548,node_813,12.935034090123414
node_643,node_335,235.88240246533007
node_921,node_888,428.7162273964465
node_121,node_80,874.3824010331767
node_661,node_374,624.7055073799664
node_503,node_667,181.4565972140766
node_867,node_426,568.3374092742807
node_912,node_679,140.141857583479
node_956,node_648,259.6292447894203
node_188,node_463,693.5111536203115
node_1,node_617,300.9379332915121
node_426,node_637,278.03412060912456
node_824,node_336,24.59011184237392
node_194,node_669,154.64369719424118
node_274,node_6,28.036885258259264
node_565,node_615,451.4484156191746
node_572,node_598,260.08340055521705
node_241,node_202,99.75609882124587
node_461,node_79,7.351147783435442
node_765,node_383,383.8249544310613
node_798,node_687,498.62879475969504
node_46,node_717,97.809299537209
node_618,node_463,53.199636994166745
node_122,node_473,347.5318327027375
node_816,node_840,20.355445667061485
node_606,node_779,254.87555046216397
node_885,node_765,135.58379197100746
node_995,node_58,332.24559220175087
node_825,node_215,57.97176999880792
node_656,node_934,165.59068417308907
node_310,node_556,87.96813741430007
node_532,node_978,199.2254460773455
node_337,node_170,109.04984466353493
node_624,node_299,37.05075201856607
node_831,node_231,176.01840285856332
node_67,node_505,317.647386227937
node_627,node_50,242.43323481446006
node_590,node_784,397.5347197658735
node_585,node_686,656.436754123839
node_22,node_785,73.0520951180577
node_831,node_500,169.5107473753144
node_570,node_491,555.3573027934322
node_66,node_804,591.5764712008444
node_600,node_416,10.742447801119994
node_988,node_889,447.93936298765726
node_240,node_781,420.25204985383573
node_416,node_917,443.64071272094117
node_470,node_852,428.8940932268133
node_451,node_276,537.9615514880312
node_734,node_212,669.3901733225003
node_121,node_226,339.0092952240727
node_266,node_540,2045.0180292976702
node_827,node_450,155.60990001546898
node_60,node_501,89.15657065983322
node_944,node_789,137.31709791073607
node_952,node_890,137.80005187998154
node_143,node_864,145.12588175518877
node_496,node_395,315.62310303611076
node_869,node_422,122.00411394827651
node_796,node_324,11.735740236760474
node_79,node_30,215.69332048143286
node_557,node_864,206.24931907016497
node_649,node_471,3.8542814050867227
node_478,node_588,177.57791016561438
node_881,node_563,44.63547834899209
node_411,node_466,205.74589058453597
node_991,node_908,340.57674550600535
node_992,node_247,976.4875472570018
node_66,node_572,494.2633535497752
node_919,node_702,151.89638155530815
node_700,node_662,252.83011370980014
node_913,node_607,24.473085980640555
node_774,node_96,569.772085655822
node_987,node_636,331.46751794523686
node_947,node_131,536.7373539298266
node_928,node_120,41.70379012739848
node_481,node_633,877.7424095849384
node_771,node_38,118.77717621809197
node_473,node_160,799.7067717745051
node_787,node_527,1620.0127317479064
node_502,node_247,35.92511472492442
node_86,node_81,515.4018022868806
node_499,node_41,82.01980261038909
node_745,node_840,17.410110261538748
node_114,node_217,211.45009417850181
node_690,node_527,391.2652139504838
node_845,node_892,284.5545814727484
node_480,node_753,237.96723743813928
node_652,node_897,90.10830187903598
node_638,node_20,38.101820523030995
node_814,node_917,208.06293899494315
node_415,node_447,362.4879793144138
node_166,node_383,129.6855010642411
node_809,node_996,150.10514701091867
node_472,node_992,18.95116777321421
node_749,node_19,1358.9265301173136
node_489,node_732,14.34291176100957
node_891,node_88,87.34081183413049
node_349,node_83,365.154565447081
node_306,node_849,157.7448445822995
node_739,node_959,187.56513935594472
node_734,node_420,179.1324014201062
node_992,node_410,212.72042404968306
node_853,node_639,499.1743249800135
node_471,node_109,327.00724332059343
node_991,node_582,382.5507419226441
node_950,node_380,673.5766937684535
node_343,node_839,17.02082086781672
node_165,node_699,11.527894443237582
node_18,node_627,234.46238341757044
node_781,node_544,411.4971775070391
node_191,node_319,55.39293228893375
node_474,node_859,375.93584975262047
node_847,node_58,366.7394721936226
node_495,node_786,150.43151976023609
node_264,node_8,38.404309117176474
node_272,node_939,337.29894758559186
node_7,node_207,393.5554035186716
node_122,node_32,23.12140153815353
node_517,node_808,549.7711077253831
node_442,node_591,675.4592111282284
node_849,node_832,1388.3024974858388
node_444,node_135,3.5549426307512526
node_24,node_505,98.99900638180098
node_679,node_978,58.3239429843774
node_884,node_94,703.1314788523512
node_145,node_892,332.8297635634022
node_783,node_847,638.2907529355555
node_424,node_646,276.7766798717293
node_436,node_830,657.3377852247047
node_159,node_549,192.09772996265733
node_911,node_819,305.28426171025
node_587,node_656,782.2441885981198
node_858,node_344,63.027533948772124
node_695,node_772,29.042161441902504
node_770,node_738,127.98563305907251
node_213,node_561,139.98354081655802
node_392,node_488,156.31833873705452
node_28,node_38,258.03215769626604
node_172,node_16,224.80079231227222
node_557,node_66,545.8130899079918
node_834,node_22,765.5016949202642
node_753,node_236,41.34693193197532
node_922,node_565,673.2175119161514
node_844,node_783,14.209857511986499
node_694,node_639,71.81780234487091
node_597,node_767,306.6569748905802
node_885,node_611,198.21681484390464
node_947,node_257,452.8850953975006
node_177,node_756,663.4658715484729
node_170,node_844,501.2490005709005
node_704,node_464,63.16174408727318
node_372,node_972,383.2720996503098
node_40,node_890,569.0110043168073
node_470,node_727,553.216670252907
node_68,node_80,114.20163034749238
node_261,node_88,9.58529848951479
node_212,node_833,541.9700959543896
node_292,node_206,434.2962843233249
node_287,node_46,643.2554412685324
node_426,node_209,218.71304064301196
node_153,node_521,415.06785742980765
node_156,node_260,22.922884725624446
node_982,node_487,832.0183335794501
node_454,node_739,286.27801986079595
node_231,node_194,29.501387029966704
node_358,node_849,412.576232983524
node_496,node_827,109.68843350045293
node_448,node_412,22.53257889977611
node_888,node_990,88.98120240336152
node_291,node_810,824.6343739983673
node_936,node_746,160.55076806953096
node_89,node_719,126.46903449575758
node_83,node_76,1712.633494052278
node_484,node_589,310.45470130059465
node_781,node_103,15.123103970758939
node_338,node_686,1.9640381983931017
node_477,node_722,4.794167100716992
node_8,node_52,118.66439387580357
node_502,node_315,98.33023534771428
node_841,node_623,17.082170199167603
node_278,node_26,356.48732311688167
node_961,node_364,306.30810069942174
node_946,node_305,156.96172220313628
node_256,node_295,34.837568529164244
node_879,node_988,790.7290704260907
node_549,node_47,164.22315320239252
node_720,node_182,186.35281030699102
node_187,node_775,59.405547184168405
node_842,node_455,145.91924446419898
node_897,node_335,622.8878580030494
node_756,node_468,217.97665671750485
node_402,node_539,260.1317924422298
node_23,node_623,336.4392859617547
node_55,node_985,491.7491733367833
node_178,node_799,142.14934344196791
node_449,node_792,14.263882912702623
node_188,node_577,763.088880180194
node_419,node_248,177.0573897979628
node_163,node_744,660.3302760027237
node_805,node_416,249.74520622455836
node_173,node_469,976.2146892743397
node_17,node_69,245.93660114948435
node_591,node_526,25.32432807566307
node_268,node_630,825.7905980444506
node_568,node_710,294.0094069500344
node_287,node_917,142.4565896034966
node_440,node_780,380.84454733611034
node_829,node_437,370.08808464974715
node_832,node_796,117.66320411005617
node_761,node_674,7.823863177812584
node_466,node_100,487.82964152789765
node_674,node_684,219.0792613627454
node_577,node_709,9.39290742424295
node_280,node_683,3.9286762654225034
node_39,node_518,201.54268968119032
node_210,node_301,773.9700658924977
node_252,node_532,261.26968274271036
node_914,node_380,74.27713744343914
node_259,node_233,316.8935174665118
node_307,node_738,47.66149921672808
node_453,node_438,342.69140648735316
node_982,node_765,94.15020207240904
node_23,node_964,1288.2030336752298
node_844,node_174,36.75237207985709
node_868,node_670,381.3116539345455
node_797,node_17,89.09851094132681
node_866,node_921,75.72923675432779
node_882,node_827,196.86419654160022
node_216,node_567,135.06488006552453
node_58,node_891,293.74735351664975
node_934,node_444,21.88997584289111
node_190,node_991,918.8000430535394
node_737,node_678,376.86110091216784
node_565,node_244,578.7702891986402
node_75,node_546,61.08313343018916
node_811,node_120,149.46271501750263
node_431,node_159,40.23919091869265
node_734,node_899,10.926458180298262
node_702,node_174,182.45482098692716
node_740,node_85,353.16412109334544
node_400,node_381,609.9943475067631
node_317,node_802,173.68197534858788
node_674,node_554,187.47248029779755
node_622,node_716,285.9961482867729
node_306,node_949,204.3725023158494
node_390,node_812,4.120116947597472
node_989,node_297,359.18901323195615
node_270,node_59,105.18776917612426
node_234,node_676,163.99745526469218
node_367,node_694,78.93536265635316
node_872,node_490,65.7038377341248
node_889,node_734,66.24291124047869
node_380,node_695,296.0609587526088
node_645,node_731,1085.1877530246966
node_201,node_881,127.31575108943764
node_638,node_456,2.5462237390073166
node_263,node_63,9.755240619160862
node_40,node_295,667.8938174972626
node_705,node_974,235.31278962127809
node_369,node_367,146.84157957370752
node_3,node_243,161.3509505247867
node_25,node_394,29.555815028727025
node_727,node_91,249.1679716935732
node_204,node_501,394.8886421811859
node_206,node_618,869.9470290230463
node_100,node_879,254.0391324657085
node_240,node_922,485.3054320992779
node_883,node_172,202.36451026619685
node_283,node_358,367.3119600058063
node_904,node_971,89.39878268159832
node_819,node_162,258.1293996137865
node_306,node_338,94.05169588518152
node_332,node_126,13.544891736439917
node_242,node_860,41.8999135840593
node_408,node_502,150.64665379735948
node_302,node_463,637.7099293865665
node_37,node_138,231.3285649648415
node_768,node_646,0.7050700511583463
node_95,node_712,342.37743321668887
node_854,node_428,36.23090848242721
node_755,node_869,313.0983756050717
node_395,node_350,58.968989881451726
node_915,node_886,846.0149820404282
node_35,node_66,575.9047803568217
node_666,node_756,444.21130499186705
node_480,node_467,517.45708585059
node_708,node_470,272.4394751106489
node_887,node_590,91.35025729149406
node_438,node_530,213.85626867051494
node_28,node_444,133.57644249255202
node_463,node_279,135.53807252955536
node_265,node_693,694.5771369173563
node_432,node_912,144.09319815371404
node_747,node_684,294.20379560199785
node_493,node_969,806.089515729964
node_668,node_769,899.9896012949563
node_902,node_665,277.15617576554973
node_549,node_642,525.3931747333562
node_207,node_449,635.9030216157579
node_838,node_477,83.93957309368895
node_189,node_710,264.899956458417
node_535,node_755,1203.6412298860823
node_639,node_604,41.267217867536615
node_54,node_988,349.74383675868506
node_540,node_409,823.7986392365434
node_292,node_986,26.448758376723028
node_948,node_669,5.732718357137515
node_121,node_298,739.0297645987059
node_560,node_888,158.70146135192445
node_296,node_361,94.62773032991132
node_437,node_126,286.7363935178199
node_994,node_90,177.8351590667236
node_543,node_467,197.80354428128103
node_268,node_190,547.8514219039752
node_60,node_437,323.43441832687506
node_94,node_552,348.3376925385404
node_660,node_715,281.3946558639937
node_689,node_936,974.1692260840694
node_898,node_335,90.14932639413844
node_854,node_248,366.54597884564515
node_664,node_669,108.50462267019422
node_650,node_220,1415.0487734026237
node_248,node_278,135.63757146012566
node_815,node_275,89.26536717428564
node_87,node_798,12.156364294074367
node_504,node_589,178.35503582554472
node_652,node_739,75.01487049153333
node_127,node_502,107.21202432915572
node_901,node_542,95.23732984093995
node_491,node_20,69.27601775796961
node_790,node_642,123.05036782543091
node_969,node_28,181.77302425203
node_882,node_941,72.07443886470197
node_851,node_60,449.58031273461097
node_70,node_837,18.3967615819121
node_875,node_465,142.54430744202367
node_760,node_220,622.4306727068508
node_532,node_493,450.44995038732543
node_855,node_878,501.21794582233684
node_922,node_11,16.259763691041446
node_448,node_191,855.0116067476782
node_25,node_782,32.36386606377093
node_544,node_61,491.6489964780525
node_606,node_34,191.3753779925079
node_587,node_890,173.4324993936498
node_594,node_24,367.1327230620053
node_830,node_11,317.08400037308775
node_603,node_0,133.11954962402257
node_135,node_195,308.81570910811814
node_85,node_475,589.9914389838665
node_323,node_179,170.46423672779784
node_174,node_762,834.446963130635
node_951,node_104,2.9686876834974463
node_774,node_48,514.9013166069145
node_339,node_761,82.67785818314707
node_74,node_801,377.03934269861963
node_577,node_636,120.68478931722574
node_552,node_981,243.01200138004282
node_891,node_846,228.34843875446705
node_41,node_92,907.5028429582109
node_506,node_528,451.09175581249247
node_625,node_291,670.3786741845769
node_803,node_559,226.80896180838408
node_886,node_94,569.8907827758426
node_335,node_67,82.21623814847632
node_76,node_207,78.54302993345004
node_220,node_261,43.33094203837477
node_343,node_988,734.0915236029595
node_73,node_636,413.7762204654134
node_958,node_832,85.33200334172244
node_985,node_761,431.8996000818965
node_344,node_583,926.3338880721187
node_667,node_454,983.4345165230337
node_312,node_227,406.7996759144895
node_244,node_817,207.71528868845758
node_527,node_949,1091.942022256646
node_464,node_621,157.3949819155321
node_18,node_65,394.02804273760415
node_402,node_911,271.12601278589335
node_111,node_273,1362.39500906884
node_596,node_650,1258.9194926146317
node_323,node_792,123.81036251191573
node_413,node_428,91.26741777730888
node_888,node_60,9.857159778907665
node_353,node_392,251.19445235975988
node_485,node_516,193.47690943447714
node_179,node_341,19.693170729583358
node_835,node_252,995.7552471984601
node_661,node_410,101.85244349995347
node_636,node_745,154.63897546123246
node_265,node_645,240.3141662211649
node_900,node_377,36.45989757548968
node_890,node_439,455.95726289138867
node_366,node_88,82.96427232222196
node_945,node_131,32.6589129986297
node_559,node_799,475.53026430363536
node_691,node_98,373.44673268323294
node_931,node_581,154.3972257560245
node_783,node_58,987.3114640367505
node_225,node_472,163.74431446332352
node_296,node_592,141.63142264990222
node_614,node_53,16.105266448388548
node_402,node_317,171.92438158995338
node_442,node_832,507.90048470398375
node_785,node_281,199.888267886779
node_822,node_630,304.91017457310255
node_645,node_640,80.75936096230436
node_562,node_490,12.34825298970272
node_792,node_686,2.043395542615714
node_248,node_234,21.445580994035897
node_884,node_393,102.24468401289863
node_416,node_631,82.72457142660126
node_252,node_956,220.29090863119004
node_9,node_798,619.9965895431989
node_272,node_305,122.39433766912583
node_957,node_729,142.3465769754055
node_463,node_711,339.3133347852273
node_924,node_415,258.25662756864335
node_778,node_479,63.694155196892495
node_546,node_800,829.1446149940895
node_524,node_201,327.25942264903773
node_365,node_976,40.75745529977826
node_318,node_216,109.3315717228333
node_265,node_639,57.35194634132694
node_823,node_79,4.789450026252022
node_251,node_11,143.15023113052612
node_723,node_281,248.23010583887805
node_377,node_750,104.91356991044506
node_297,node_316,615.0277133657708
node_949,node_545,30.81545641637102
node_546,node_270,129.18663115967558
node_738,node_536,133.67205618034495
node_250,node_846,266.99079367099466
node_389,node_179,68.06775567259123
node_148,node_582,478.2872197390958
node_604,node_255,30.5823528360796
node_799,node_308,363.94271429658096
node_68,node_445,297.5610570444237
node_785,node_226,371.5416016677285
node_625,node_183,7.419050492918326
node_908,node_317,121.46719307642033
node_708,node_898,73.05585108785878
node_484,node_898,733.265203250938
node_691,node_982,763.235522078615
node_507,node_733,3.2182383050493315
node_243,node_419,159.7370694626459
node_153,node_815,87.03138212988193
node_935,node_646,285.3484919925221
node_127,node_372,26.84600323880654
node_158,node_570,426.1461047979547
node_175,node_926,509.2807813697277
node_446,node_585,321.11140842511173
node_915,node_356,283.63465804445195
node_326,node_883,125.7818478569877
node_333,node_714,21.65699338454682
node_713,node_92,220.60062847756984
node_687,node_329,213.84307740050718
node_94,node_784,152.29279755174727
node_352,node_929,122.64194605398998
node_264,node_646,620.3857215345663
node_742,node_645,265.8706389743148
node_138,node_636,174.629006912327
node_761,node_809,23.22973529892895
node_254,node_84,1046.4128656314758
node_561,node_675,22.06689915017221
node_68,node_36,442.6336133176959
node_139,node_866,937.9769025491836
node_565,node_897,69.87129594093456
node_812,node_870,195.84109015248717
node_189,node_639,82.43472339669869
node_4,node_971,264.7176745490733
node_661,node_805,1495.2317611427113
node_719,node_414,473.4288910558912
node_342,node_681,1278.9566380165602
node_665,node_652,590.3771050501184
node_322,node_121,797.1721967506182
node_898,node_310,24.578514283655846
node_569,node_491,18.314842211176643
node_819,node_486,61.2418014371175
node_279,node_71,235.27602951993384
node_932,node_93,71.06905985621738
node_436,node_335,365.4814378835562
node_916,node_867,701.8303397714849
node_573,node_253,289.8374278356367
node_397,node_756,169.5872360094846
node_689,node_700,186.22385455905632
node_583,node_983,199.87686217751923
node_881,node_340,461.23546396660436
node_618,node_815,242.56007928748494
node_730,node_463,189.1972319357296
node_372,node_416,419.4933135868947
node_558,node_645,10.01290307176328
node_838,node_417,312.0643565519564
node_397,node_271,15.158703405066566
node_840,node_585,238.48815629468382
node_779,node_127,114.49024770257715
node_234,node_552,227.05559674435253
node_453,node_570,51.783670613152935
node_703,node_23,42.677894521895006
node_947,node_591,181.19526904189382
node_212,node_899,432.6822973325787
node_165,node_936,468.00098827027614
node_397,node_582,36.00682463825514
node_576,node_220,172.36066672339516
node_797,node_696,408.2397661336262
node_98,node_241,147.3721418202342
node_553,node_650,77.17965546530492
node_226,node_422,165.20213866697517
node_529,node_588,56.1438295694001
node_370,node_854,574.2569362715232
node_733,node_926,202.8954119865946
node_171,node_603,121.59831851138522
node_280,node_363,28.357727329206874
node_134,node_876,28.171834979291273
node_18,node_594,377.278170280381
node_776,node_111,365.3245371000006
node_869,node_679,179.30353004506173
node_919,node_303,942.8222286988193
node_436,node_437,804.4299993480314
node_556,node_380,231.90669216547093
node_742,node_668,70.44635160171426
node_390,node_548,82.92620689852154
node_982,node_491,143.39136296988443
node_384,node_195,1183.4912554636164
node_814,node_546,180.54416361515368
node_827,node_601,14.743753942716493
node_251,node_7,253.66803389394747
node_207,node_936,48.707258834645536
node_708,node_979,87.76516100107364
node_607,node_25,3.4778860238199725
node_634,node_185,111.00106067177735
node_50,node_890,1277.5911985019122
node_159,node_207,41.890346761600924
node_766,node_949,265.8035608136121
node_7,node_408,595.0957269198468
node_983,node_539,85.00640301178227
node_386,node_227,6.714928166467319
node_474,node_723,160.2927949702865
node_317,node_794,69.51800081470198
node_616,node_347,161.46779811146314
node_700,node_43,350.4939517976119
node_941,node_141,587.0016712938595
node_653,node_448,462.0667624328385
node_134,node_718,36.65399761452566
node_382,node_242,174.77560058516647
node_456,node_439,45.80949322406934
node_696,node_825,144.3703599452436
node_608,node_655,120.13202927492769
node_214,node_684,695.2665292417911
node_496,node_693,488.1916424973156
node_698,node_244,87.37171818057179
node_230,node_382,220.3037341503609
node_847,node_114,4.61476400996672
node_992,node_299,99.35934269424673
node_11,node_403,56.29762451760727
node_231,node_954,366.14361690868606
node_729,node_277,315.0258916516491
node_998,node_302,149.24510231163202
node_812,node_76,35.09820956641576
node_23,node_14,114.15936779566788
node_346,node_171,44.11020995614799
node_711,node_484,5.460772726916365
node_377,node_587,27.116820721352365
node_572,node_999,686.6535980420246
node_756,node_476,606.2997723034952
node_256,node_755,121.52876198743364
node_343,node_276,45.0016262814798
node_448,node_258,165.75107904510386
node_846,node_94,98.81616199608163
node_969,node_245,49.94562181939501
node_186,node_773,0.12311208927487888
node_372,node_571,742.8780557627636
node_124,node_336,61.5638227486473
node_177,node_650,374.06556060099535
node_169,node_38,115.39751906074933
node_559,node_380,936.5165671249472
node_849,node_98,183.36876132353316
node_324,node_460,180.62113619288814
node_573,node_118,51.15214786800899
node_645,node_454,231.27874378133257
node_7,node_968,226.43995073964916
node_532,node_926,291.7904130800919
node_24,node_998,29.915574988369592
node_930,node_944,156.56893042506746
node_292,node_184,49.524168850766074
node_603,node_316,100.79348970764127
node_564,node_595,397.400176095888
node_864,node_919,509.41138093269524
node_485,node_797,588.4075807103851
node_231,node_6,122.53893264391068
node_975,node_51,486.70305126988893
node_918,node_395,36.825900939091056
node_751,node_142,962.8719224049265
node_362,node_381,20.44961289763311
node_270,node_13,1481.3894267344144
node_463,node_526,132.30676362773895
node_707,node_26,89.114433276721
node_616,node_308,163.10168074617695
node_968,node_180,345.45493507946645
node_819,node_874,103.90773575515634
node_884,node_937,200.72540791664557
node_644,node_970,67.72527112955576
node_731,node_335,176.08973631889455
node_989,node_899,66.4374864059635
node_706,node_241,21.726669442105344
node_298,node_756,56.9199047031166
node_452,node_392,19.055483451887042
node_537,node_593,438.85035542000486
node_328,node_611,75.12634965572744
node_560,node_912,190.64696118788893
node_406,node_801,431.6542856794456
node_836,node_14,333.2788306954829
node_722,node_411,2.875422376497068
node_259,node_855,713.3321736108901
node_954,node_812,234.81745386009385
node_164,node_192,128.2074504516021
node_373,node_64,319.5966607029848
node_793,node_692,375.6897265430853
node_790,node_29,50.41372812886575
node_491,node_216,157.28477479667808
node_398,node_890,86.25161252227636
node_329,node_659,138.44074200645397
node_598,node_820,165.2550981754542
node_769,node_313,699.5320285847042
node_461,node_583,1191.0735862053984
node_409,node_26,214.9131028369268
node_685,node_500,32.35046268625689
node_59,node_106,261.9388103900966
node_770,node_882,303.53399190880253
node_571,node_545,482.47569884747463
node_88,node_827,90.17371471557257
node_967,node_274,188.90602833954034
node_233,node_277,674.9917398428026
node_677,node_127,1151.135781417793
node_802,node_618,243.37986256119177
node_850,node_393,210.88339487687927
node_394,node_110,133.01775498180686
node_279,node_332,162.45281929530384
node_131,node_12,241.88822629049346
node_97,node_119,174.01025429536128
node_710,node_0,380.3974282597002
node_651,node_148,65.80284630295297
node_882,node_697,77.54509437370014
node_77,node_225,139.30827667153895
node_252,node_131,231.11819915721094
node_886,node_473,50.792562592612704
node_108,node_705,170.60194870422794
node_901,node_274,10.878519463272992
node_242,node_263,973.4191774444874
node_962,node_677,56.51426440168831
node_86,node_534,7.740821273894995
node_466,node_539,74.95364644947158
node_174,node_515,236.83304304128458
node_578,node_134,56.031644079514315
node_542,node_585,270.376762872143
node_848,node_667,152.66895168693745
node_598,node_19,2043.5391507858367
node_554,node_906,640.2948193458403
node_400,node_949,348.05787699227596
node_466,node_259,313.6867381970656
node_886,node_100,279.57535065648074
node_352,node_299,7.435466791879994
node_352,node_907,3.5907533765479935
node_155,node_73,1.7825047019802376
node_89,node_578,19.572999850222047
node_711,node_979,161.1915884293138
node_976,node_347,129.16576098533218
node_597,node_101,81.24920290650985
node_213,node_107,210.608574943584
node_602,node_703,209.88192327351248
node_733,node_874,385.75090943383304
node_737,node_363,102.53499800756644
node_249,node_559,166.84728036212186
node_873,node_914,559.7359307565858
node_544,node_43,352.8154237510824
node_164,node_367,205.38530416386317
node_848,node_855,420.3202500581559
node_798,node_875,147.5673786606575
node_203,node_683,386.6657410835816
node_120,node_944,72.52384185482211
node_663,node_187,165.84814640103573
node_602,node_199,492.5926999409195
node_455,node_447,1137.2742079164848
node_840,node_70,196.56479279260313
node_129,node_888,38.615875508166106
node_12,node_724,101.7151188628945
node_802,node_534,99.4507272818705
node_526,node_641,397.36063223034853
node_459,node_831,288.27877181436116
node_931,node_962,196.59560956535142
node_760,node_174,369.17789466060884
node_171,node_996,65.79532151385246
node_976,node_333,535.3066091669642
node_53,node_457,71.99654060758915
node_613,node_631,403.67009161053454
node_981,node_303,400.2835361202618
node_221,node_532,491.9872455250356
node_158,node_888,85.87652241509525
node_234,node_661,21.809289540596037
node_676,node_588,90.74884442618206
node_904,node_912,714.5416968482925
node_478,node_486,202.26610448101025
node_341,node_523,229.87846094538835
node_5,node_820,124.27511540284313
node_260,node_584,97.95512653228748
node_269,node_939,129.8095012408528
node_221,node_51,115.48769429522396
node_564,node_876,171.72965925344093
node_814,node_391,4.871809853542521
node_617,node_418,61.34291860474518
node_738,node_863,125.34910703788525
node_527,node_272,213.52934664348703
node_761,node_223,132.197056485958
node_19,node_623,7.025659609137429
node_467,node_622,198.2673184759076
node_57,node_92,433.58918983636835
node_939,node_231,124.1976950624678
node_614,node_561,240.99632993808865
node_455,node_87,99.38544251440652
node_13,node_132,221.40254919104515
node_33,node_891,329.5357383672153
node_198,node_591,27.3327811629646
node_589,node_77,290.5031780965098
node_544,node_811,27.123756428374733
node_878,node_419,113.08253929625313
node_239,node_962,81.07562924374837
node_535,node_725,107.64105461685654
node_215,node_103,364.1539655365816
node_805,node_329,161.71343954462714
node_287,node_44,229.23001980623152
node_215,node_480,262.704478933798
node_434,node_331,319.62495201527366
node_165,node_317,454.18440718858506
node_364,node_102,110.79159383890727
node_844,node_372,480.2519891065604
node_244,node_816,130.29938633406078
node_652,node_417,246.17472727459847
node_124,node_536,25.885432013680663
node_611,node_401,61.52177741842702
node_681,node_785,1457.7059207073742
node_31,node_660,18.977416608918578
node_688,node_341,205.93800430738716
node_656,node_264,758.7417189634378
node_461,node_45,1564.1454763321246
node_932,node_530,280.9156631085839
node_941,node_744,181.66609501014983
node_762,node_761,541.5716096003035
node_45,node_885,521.488359728484
node_970,node_525,536.3599196371651
node_839,node_2,180.46796384842523
node_156,node_854,304.330287369465
node_510,node_332,76.18073466703656
node_113,node_388,745.9760993038212
node_249,node_570,50.10905326458331
node_238,node_233,739.284026121071
node_990,node_652,510.1576571465795
node_620,node_361,835.9410692520798
node_96,node_957,237.17575535602901
node_555,node_953,2.189815047619127
node_389,node_619,168.02525231449908
node_259,node_823,61.26485884071453
node_477,node_417,57.584345848435575
node_567,node_543,106.22985519203726
node_883,node_520,209.65485963149388
node_199,node_845,855.4050167212556
node_20,node_310,117.93839681210866
node_897,node_652,123.98566811251999
node_899,node_595,135.55866976682975
node_559,node_890,616.4041819073154
node_284,node_647,35.49398354554953
node_997,node_281,167.64959666050086
node_822,node_359,8.473480995393038
node_133,node_745,5.914695957147271
node_765,node_94,46.68190870728568
node_572,node_479,277.8068141784862
node_12,node_146,35.123209849125054
node_600,node_94,548.263891323877
node_24,node_271,209.3121873807824
node_938,node_761,270.1329987104454
node_645,node_984,39.53310501179823
node_827,node_490,150.12359515287525
node_867,node_102,56.37800687616351
node_574,node_293,282.0561707532771
node_253,node_179,27.636569412924132
node_700,node_519,147.92832486326807
node_545,node_235,186.17063389068366
node_699,node_824,597.5984847291968
node_21,node_342,108.48609555815156
node_438,node_178,456.32253781086297
node_350,node_524,84.60954445363672
node_83,node_992,96.2866987074105
node_860,node_342,1.601524375114922
node_262,node_165,124.29277481748954
node_579,node_225,310.61209436373935
node_644,node_447,281.8642698399331
node_854,node_501,92.20103485392171
node_734,node_378,179.64390074006312
node_249,node_948,244.12846281230247
node_124,node_112,268.88350004728613
node_758,node_495,254.1270345074837
node_874,node_342,37.14069897286636
node_732,node_782,96.46647714399201
node_925,node_860,168.4266658758062
node_488,node_491,119.58229703669939
node_981,node_76,309.65411891227075
node_411,node_172,421.7930740716811
node_216,node_375,304.3740409918551
node_10,node_798,3.43650813313002
node_891,node_990,141.50156573605102
node_683,node_607,511.0994760017886
node_272,node_930,87.17868654299917
node_690,node_575,124.82961042403633
node_854,node_923,105.32099435594553
node_843,node_948,54.23018277909748
node_784,node_167,34.261371102937886
node_57,node_479,734.5539413691502
node_590,node_459,387.19738509068077
node_120,node_718,298.3037191584762
node_16,node_495,107.49961762380318
node_531,node_968,206.82405233010974
node_726,node_160,101.3393786294085
node_717,node_144,26.288257145648167
node_992,node_384,87.69067056494946
node_922,node_453,32.86903690721744
node_864,node_349,11.894834983536958
node_406,node_649,95.46619887066517
node_562,node_475,199.07201910831225
node_595,node_978,218.71870478518662
node_56,node_737,249.2411368339116
node_677,node_61,1741.7946784603441
node_764,node_710,128.419356455811
node_25,node_409,135.71956867832344
node_776,node_316,181.68967750937938
node_748,node_817,34.10290444489175
node_80,node_661,399.22155422652526
node_521,node_832,47.09651409909924
node_263,node_660,1119.7940600355676
node_705,node_943,182.71196983393597
node_962,node_821,151.8646448276395
node_861,node_475,918.0787584686955
node_33,node_263,512.9554157686964
node_694,node_874,12.492015409859144
node_461,node_167,257.0879718761346
node_80,node_756,587.9761060484759
node_869,node_406,74.58065307891395
node_598,node_610,767.2389304398653
node_52,node_983,447.3410796175382
node_475,node_591,210.5841587889601
node_486,node_837,87.66695332795565
node_140,node_619,9.291373066693705
node_776,node_446,653.0226442064518
node_474,node_412,164.90549337591537
node_853,node_370,138.61010738418778
node_966,node_289,460.0031452518443
node_150,node_718,384.70111166449817
node_376,node_652,123.73331264820222
node_607,node_940,120.49855105902752
node_704,node_302,119.85394278728786
node_388,node_376,152.76829638386405
node_4,node_443,76.80906115927486
node_532,node_663,170.2045335711155
node_657,node_276,200.7569037208099
node_663,node_359,215.98288610694243
node_984,node_627,102.2982806807074
node_250,node_895,827.3247485146974
node_451,node_161,257.69363122661497
node_923,node_350,117.60789313090375
node_809,node_662,43.65303262947788
node_513,node_663,46.894629010536704
node_576,node_325,75.5590787297767
node_620,node_827,860.9858404126503
node_92,node_267,232.97767588471083
node_962,node_623,118.30865680620593
node_815,node_855,277.0002931205104
node_402,node_954,833.0491966868111
node_619,node_302,659.820530111503
node_733,node_477,321.39632583073524
node_940,node_159,149.74361375143138
node_204,node_266,161.24640934914135
node_442,node_857,371.16035403788595
node_915,node_720,84.15882376743663
node_132,node_699,220.70092741567993
node_307,node_649,449.64660288911426
node_96,node_682,324.5033848083616
node_241,node_303,196.91381421029718
node_401,node_359,155.71319780571983
node_761,node_873,978.2258589387396
node_369,node_532,397.18789655369216
node_898,node_999,131.61278050999172
node_872,node_228,157.88161426347713
node_833,node_998,235.23017366812778
node_235,node_161,43.43344656466365
node_352,node_67,55.575156760229916
node_842,node_636,809.3366370128965
node_260,node_216,323.1932867840461
node_804,node_161,719.005744665074
node_401,node_461,439.82196146323537
node_39,node_272,965.7518668396968
node_92,node_41,577.1387179530358
node_106,node_327,94.80932368036672
node_820,node_483,94.78710972919052
node_900,node_23,9.721255671841925
node_490,node_272,96.02640388380026
node_2,node_420,79.1348304347866
node_306,node_431,248.4335443183591
node_943,node_514,168.27944792349066
node_414,node_872,36.29296729468543
node_208,node_951,363.29639435163875
node_317,node_119,391.10583924499065
node_580,node_936,923.2181122010954
node_88,node_511,702.9649335478293
node_739,node_958,814.7890093633907
node_283,node_376,544.6051254206503
node_666,node_247,402.7154307556637
node_435,node_175,340.47149935095456
node_992,node_585,873.5810462524898
node_966,node_803,274.35786160300586
node_623,node_717,810.2310257909569
node_500,node_621,208.61672802608703
node_381,node_85,470.9303897078588
node_459,node_949,718.7976809980033
node_488,node_928,19.94427332878842
node_354,node_946,7.121569530787146
node_623,node_997,230.92309169427892
node_850,node_837,562.3226000616875
node_620,node_427,29.29389560040462
node_354,node_195,227.86172782345412
node_823,node_931,689.1392520149652
node_658,node_938,154.55625607604176
node_581,node_255,145.32760650933517
node_808,node_408,193.84599866553023
node_2,node_83,789.0527116753683
node_175,node_706,397.8274881439295
node_618,node_423,5.718419466628858
node_906,node_863,205.6843742808126
node_276,node_235,122.27109370961385
node_12,node_341,359.8305240479331
node_213,node_411,203.49048933083102
node_657,node_158,201.53110141530337
node_109,node_548,66.71096233279299
node_984,node_346,12.977015729412605
node_635,node_278,85.71949030885689
node_635,node_924,441.9670962586605
node_114,node_89,83.19910784228256
node_594,node_538,447.3077253249129
node_485,node_371,181.40562490486136
node_14,node_954,348.83957773073655
node_462,node_119,499.3594302143296
node_127,node_722,105.48094451357485
node_644,node_324,47.35316434944256
node_525,node_49,111.2170844368377
node_68,node_390,326.9294935712931
node_438,node_845,381.32262972763766
node_616,node_131,102.86698029002963
node_247,node_272,7.200636104535954
node_837,node_847,162.36975060376676
node_549,node_356,383.51385539168484
node_632,node_47,561.8609489147271
node_35,node_412,283.2115436253799
node_43,node_567,155.30968115916008
node_739,node_113,215.24634083374596
node_173,node_254,231.86912113907977
node_276,node_463,891.0481210530676
node_440,node_68,625.558304959983
node_741,node_66,861.6729035730174
node_483,node_928,92.4157489440679
node_158,node_148,562.2838344323477
node_583,node_247,413.539216651091
node_95,node_383,87.27170399941981
node_395,node_277,54.00151578840004
node_618,node_579,92.3108502491999
node_293,node_607,369.6335550199734
node_920,node_809,243.08187244754265
node_692,node_234,490.45393772147105
node_336,node_7,313.69282596089056
node_538,node_819,70.58796392687363
node_853,node_271,287.30906566257596
node_593,node_898,60.39083586884466
node_592,node_975,422.0326474212606
node_262,node_305,123.61587668085211
node_999,node_206,356.9003462837388
node_111,node_416,174.5896872196091
node_284,node_639,146.56943496085557
node_900,node_220,300.4541411570034
node_116,node_69,111.58051018348175
node_621,node_426,336.25863100800626
node_988,node_442,556.2714018386268
node_503,node_130,18.019667167777307
node_170,node_474,418.7851944704412
node_128,node_56,315.9750082827459
node_143,node_50,35.76447212699221
node_217,node_615,627.2622584863623
node_256,node_857,24.44180091313591
node_441,node_840,541.428165628458
node_875,node_661,577.95636439518
node_944,node_809,220.24243398579193
node_722,node_24,163.03008441788467
node_663,node_535,100.58001324431774
node_466,node_433,227.35742227667615
node_909,node_564,470.1330377158118
node_95,node_987,455.3113501735883
node_167,node_41,15.408365985161598
node_844,node_203,23.568352178950388
node_281,node_907,356.54693580359884
node_109,node_986,627.0026819391495
node_867,node_830,3.5827121369776003
node_154,node_648,258.87834672961424
node_832,node_710,229.6332801896352
node_518,node_711,502.60417709172066
node_492,node_649,124.2598092418392
node_212,node_180,260.2776629289202
node_862,node_598,29.694388690977746
node_247,node_213,101.21554447208142
node_637,node_922,232.70820918595362
node_515,node_87,224.29333184933247
node_722,node_425,59.66554219091935
node_770,node_923,3.3269138058972545
node_926,node_137,3.8025084067709023
node_349,node_125,105.76057977523018
node_867,node_308,272.3707031625485
node_459,node_344,362.9103883178972
node_19,node_880,18.34213666858613
node_646,node_540,680.6624903026709
node_268,node_2,441.0740902561594
node_605,node_357,538.9570194669387
node_838,node_132,71.87997174480365
node_481,node_894,141.11938822039772
node_268,node_413,9.242702293682639
node_315,node_570,293.1530456722535
node_825,node_275,529.2441256406876
node_721,node_443,62.798151609609924
node_56,node_696,103.01889294426671
node_720,node_367,105.44144174424233
node_804,node_851,78.34166097014342
node_373,node_949,376.8292527272022
node_877,node_5,33.10601958306386
node_845,node_943,143.36260978403268
node_851,node_12,13.67814620116833
node_616,node_159,377.70092536613015
node_180,node_525,115.1245546508988
node_803,node_775,295.2462906702416
node_149,node_15,62.82020573443209
node_955,node_252,88.81708274978031
node_408,node_30,615.0157409877347
node_592,node_288,125.43377104634288
node_745,node_473,5.96385298218494
node_960,node_131,200.25321070892056
node_131,node_520,377.17286520342424
node_300,node_3,99.55168232396005
node_236,node_534,114.31002681094641
node_996,node_583,38.691035041680905
node_992,node_502,113.84959219267469
node_106,node_719,311.1237997885404
node_262,node_562,24.31068489418154
node_337,node_300,350.16453268822914
node_962,node_151,52.376171919221136
node_328,node_972,419.487756366336
node_437,node_342,25.78148754649457
node_749,node_198,170.0079280529648
node_820,node_295,304.5550344643783
node_787,node_983,371.8019906256723
node_300,node_5,535.1196280965239
node_765,node_452,263.04156183704396
node_869,node_385,23.099547324536427
node_117,node_404,286.83080843377843
node_762,node_593,901.9437921478491
node_877,node_11,236.5386270716815
node_877,node_293,59.33238838139954
node_77,node_433,12.062134857252692
node_962,node_868,19.087084637215387
node_682,node_76,45.92200187580454
node_81,node_894,518.6654904134348
node_444,node_970,83.50510797186038
node_28,node_303,96.92484012585415
node_501,node_445,87.9803790263404
node_780,node_427,1015.3009531107641
node_959,node_90,100.47834007845573
node_729,node_859,187.37317983429753
node_555,node_155,56.7641447824047
node_824,node_568,392.16299939593904
node_57,node_253,50.76541182309087
node_668,node_34,76.73670169394151
node_288,node_370,277.9899277913716
node_589,node_766,276.78764381985934
node_303,node_578,21.522964053423564
node_163,node_479,102.87156175444048
node_219,node_683,52.08833290666334
node_187,node_190,150.25640363712077
node_374,node_85,179.84642064502725
node_843,node_807,30.944028636118436
node_64,node_962,123.72225223803154
node_945,node_797,808.8800370803679
node_516,node_92,308.6126912140734
node_467,node_93,212.2613996201495
node_433,node_340,640.4165757992415
node_211,node_519,261.8118969249193
node_267,node_660,324.7331564669362
node_602,node_747,3.2248680499446567
node_409,node_473,555.9539791888703
node_192,node_698,111.91771958562272
node_896,node_522,50.83843222139792
node_64,node_990,348.822740215327
node_501,node_661,374.49951781093546
node_942,node_208,87.21363335617676
node_738,node_185,916.7103820685879
node_463,node_133,123.39360989189544
node_170,node_212,49.9643147488938
node_825,node_501,21.28862606252822
node_26,node_67,131.84093021864257
node_551,node_108,214.13535172045903
node_679,node_261,402.9613388276246
node_848,node_869,91.51938219454628
node_365,node_285,206.60110313353545
node_829,node_905,83.08427715021602
node_652,node_75,5.807728390868941
node_806,node_791,56.240595802687146
node_289,node_998,318.13381593676525
node_388,node_846,504.32711388505976
node_562,node_563,68.96291909991062
node_7,node_368,189.07641948959906
node_756,node_795,179.06910304252963
node_26,node_192,569.6712613697214
node_356,node_61,102.94953811217589
node_793,node_632,763.1434563854599
node_379,node_276,98.0332506149621
